ELENCO CORPI ILLUMINANTI DI EMERGENZA;;;;;;;;;;;;;;;;;;;;;;;;;;;;;;;;;;
Codice 
Scheda:;;;EM;;;.;06;;Oggetto scheda:;;EM;;;;Elenco Apparecchi illuminazione emergenza;;;;;;;;;;;Periodicitˆ:;;;06;;MESI;;;
;;;;;;;;;;;;;;;;;;;;;;;;;;;;;;;;;;
Azienda
Appalt.;;;Desiderio Impianti S.r.l.;;;;;;;Sito;0;;;;;;Cliente:;;0;;;;;;;Data inizio periodo
attivitˆ;;;;;;;;
Premessa e/o informazioni:      NORME CEI 78-17:2015, CEI 0-10:2012, CEI EN 50110:2014, CEI 11-27:2014, CEI 64-8:2012, CEI 64-14:2007;;;;;;;;;;;;;;;;;;;;;;;;;;Data precedente;;;;;;;;
Autonomia di progetto =1 ora.    Prima di effettuare qualsiasi tipo di prova sugli apparecchi di illuminazione e segnalazione di sicurezza occorre verificare con i referenti del sito l'effettiva possibilitˆ di svolgere le prove.;;;;;;;;;;;;;;;;;;;;;;;;;;attivitˆ V&M;;;;;;;;
;;;;;;;;;;;;;;;;;;;;;;;;;;Data attuale
attivitˆ V&M;;;;;;;;
;;;;;;;;;;;;;;;;;;;;;;;;;;Verificatore/
Manutentore;;;;0;;;;
;;;;;;;;;;;;;;;;;;;;;;;;;;Firma;;;;;;;;
;;;;;;;;;;;;;;;;;;;;;;;;;;;;;;;;;;
Nr. Lampada;;;;;Marca;;;Modello;;;Codice;;;;;Tipo batteria;;;;Zona Fisica;;;Note a seguito di verifica;;;;;;;;;;;
LAMPADE EMERGENZA;;;;;;;;;;;;;;;;;;;;;;;;;;;;;;;;;;
EM;;.;1;;EATON;;;NEXI;;;600 AT IP;;;;;;;;;SALA PRANZO;;;;;;;;;;;;;;
EM;;.;2;;EATON;;;NEXI;;;600 AT IP;;;;;;;;;SOGGIORNO 4 PT;;;;;;;;;;;;;;
EM;;.;3;;EATON;;;NEXI;;;400 AT IP;;;;;;;;;ATRIO;;;;;;;;;;;;;;
EM;;.;4;;EATON;;;NEXI;;;600 AT IP;;;;;;;;;CUCINA;;;;;;;;;;;;;;
EM;;.;5;;EATON;;;NEXI;;;600 AT IP;;;;;;;;;SOGGIORNO;;;;;;;;;;;;;;
EM;;.;6;;EATON;;;NEXI;;;250 AT IP;;;;;;;;;SOTTOCENTRALE 2;;;;;;;;;;;;;;
EM;;.;7;;EATON;;;NEXI;;;250 AT IP;;;;;;;;;BAGNO 19 PT;;;;;;;;;;;;;;
EM;;.;8;;EATON;;;NEXI;;;250 AT IP;;;;;;;;;BAGNO 22 PT;;;;;;;;;;;;;;
EM;;.;9;;EATON;;;NEXI;;;400 AT IP;;;;;;;;;DISIMPEGNO 21 PT;;;;;;;;;;;;;;
EM;;.;10;;EATON;;;NEXI;;;600 AT IP;;;;;;;;;ATTIVITA PSICO 43 PT;;;;;;;;;;;;;;
EM;;.;11;;EATON;;;NEXI;;;600 AT IP;;;;;;;;;CORRIDOIO 48 PT;;;;;;;;;;;;;;
EM;;.;12;;EATON;;;NEXI;;;600 AT IP;;;;;;;;;CORRIDOIO 48 PT;;;;;;;;;;;;;;
EM;;.;13;;EATON;;;NEXI;;;600 AT IP;;;;;;;;;CORRIDOIO 48 PT;;;;;;;;;;;;;;
EM;;.;14;;EATON;;;NEXI;;;600 AT IP;;;;;;;;;U.S. CORRIDOIO 48 PT;;;;;;;;;;;;;;
EM;;.;15;;EATON;;;NEXI;;;250 AT IP;;;;;;;;;BAGNO 44 PT;;;;;;;;;;;;;;
EM;;.;16;;EATON;;;NEXI;;;250 AT IP;;;;;;;;;BAGNO 47 PT;;;;;;;;;;;;;;
EM;;.;17;;EATON;;;NEXI;;;250 AT IP;;;;;;;;;DEPOSITO 49 PT;;;;;;;;;;;;;;
EM;;.;18;;EATON;;;NEXI;;;250 AT IP;;;;;;;;;DEPOSITO 50 PT;;;;;;;;;;;;;;
EM;;.;19;;EATON;;;NEXI;;;250 AT IP;;;;;;;;;DEPOSITO 51 PT;;;;;;;;;;;;;;
EM;;.;20;;EATON;;;NEXI;;;250 AT IP;;;;;;;;;LAVANDERIA 52 PT;;;;;;;;;;;;;;
EM;;.;21;;EATON;;;NEXI;;;250 AT IP;;;;;;;;;BAGNO 54 PT;;;;;;;;;;;;;;
EM;;.;22;;EATON;;;NEXI;;;250 AT IP;;;;;;;;;CENTRALE TERMICA ;;;;;;;;;;;;;;
EM;;.;23;;EATON;;;NEXI;;;600 AT IP;;;;;;;;;SCALE P1;;;;;;;;;;;;;;
EM;;.;24;;EATON;;;NEXI;;;250 AT IP;;;;;;;;;BAGNO 26 P1;;;;;;;;;;;;;;
EM;;.;25;;EATON;;;NEXI;;;250 AT IP;;;;;;;;;BAGNO 35 P1;;;;;;;;;;;;;;
EM;;.;26;;EATON;;;NEXI;;;250 AT IP;;;;;;;;;CAMERA SERVIZIO 34 P1;;;;;;;;;;;;;;
EM;;.;27;;EATON;;;NEXI;;;250 AT IP;;;;;;;;;BAGNO 29 P1;;;;;;;;;;;;;;
EM;;.;28;;EATON;;;NEXI;;;600 AT IP;;;;;;;;;DISIMPEGNO 30 P1;;;;;;;;;;;;;;
EM;;.;29;;EATON;;;NEXI;;;250 AT IP;;;;;;;;;BAGNO 32 P1;;;;;;;;;;;;;;
EM;;.;30;;EATON;;;NEXI;;;600 AT IP;;;;;;;;;DISIMPEGNO 60 P1;;;;;;;;;;;;;;
EM;;.;31;;EATON;;;NEXI;;;600 AT IP;;;;;;;;;DISIMPEGNO 60 P1;;;;;;;;;;;;;;
EM;;.;32;;EATON;;;NEXI;;;600 AT IP;;;;;;;;;DISIMPEGNO 60 P1;;;;;;;;;;;;;;
EM;;.;33;;EATON;;;NEXI;;;600 AT IP;;;;;;;;;US SCALE 76 P1;;;;;;;;;;;;;;
EM;;.;34;;EATON;;;NEXI;;;400 AT IP;;;;;;;;;RIPOSTIGLIO 61 P1;;;;;;;;;;;;;;
EM;;.;35;;EATON;;;NEXI;;;250 AT IP;;;;;;;;;BAGNO 55 P1;;;;;;;;;;;;;;
EM;;.;36;;EATON;;;NEXI;;;250 AT IP;;;;;;;;;BAGNO 58 P1;;;;;;;;;;;;;;
EM;;.;37;;EATON;;;NEXI;;;250 AT IP;;;;;;;;;BAGNO 62 P1;;;;;;;;;;;;;;
LEGENDA LAMPADE EMERGENZA;;;;;;;;;;;;;;;;;;;;;;;;;;;;;;;;;;
;;;;;;MONTAGGIO SU PARETE 
ALTEZZA H=3m;;;;;;;;;;;;;;;;;;;;;;;;;;;;
;;;;;;MONTAGGIO SU PARETE 
ALTEZZA H>3m (NECESSARIA PIATTAFORMA);;;;;;;;;;;;;;;;;;;;;;;;;;;;
;;;;;;MONTAGGIO SU BLINDO LUCE
ALTEZZA H>3m;;;;;;;;;;;;;;;;;;;;;;;;;;;;
LAMPADE EMERGENZA;;;;;;;;;;;;;;;;;;;;;;;;;;;;;;;;;;
EM;;.;38;;EATON;;;NEXI;;;250 AT IP;;;;;;;;;BAGNO 65 P1;;;;;;;;;;;;;;
EM;;.;39;;EATON;;;NEXI;;;600 AT IP;;;;;;;;;US SCALE 76 P1;;;;;;;;;;;;;;
EM;;.;40;;??;;;??;;;600LM;;;;;;;;;BAGNO 38 PT;;;;;;;;;;;;;;
EM;;.;41;;??;;;??;;;600LM;;;;;;;;;LABORATORIO 71 PT;;;;;;;;;;;;;;
EM;;.;42;;??;;;??;;;??;;;;;;;;;SOGGIORNO 36 PT;;;;;;;;;;;;;;
EM;;.;43;;??;;;??;;;??;;;;;;;;;DISIMPEGNO QG PT;;;;;;;;;;;;;;
EM;;.;44;;??;;;??;;;??;;;;;;;;;BAGNO 8 PT;;;;;;;;;;;;;;
EM;;.;45;;??;;;??;;;??;;;;;;;;;BAGNO 5 PT;;;;;;;;;;;;;;
EM;;.;46;;??;;;??;;;??;;;;;;;;;BALLATOIO 31 P1;;;;;;;;;;;;;;
EM;;.;47;;??;;;??;;;??;;;;;;;;;BALLATOIO 31 P1;;;;;;;;;;;;;;
EM;;.;48;;??;;;??;;;??;;;;;;;;;BALLATOIO 31 P1;;;;;;;;;;;;;;
EM;;.;49;;??;;;??;;;??;;;;;;;;;DISIMPEGNO 15 P1;;;;;;;;;;;;;;
EM;;.;50;;??;;;??;;;??;;;;;;;;;SPOGLIATORIO 13 P1;;;;;;;;;;;;;;
EM;;.;51;;??;;;??;;;??;;;;;;;;;DEPOSITO 17 P1;;;;;;;;;;;;;;
EM;;.;52;;??;;;??;;;??;;;;;;;;;BAGNO 16 P1;;;;;;;;;;;;;;
EM;;.;53;;;;;;;;;;;;;;;;;;;;;;;;;;;;;;;
EM;;.;54;;;;;;;;;;;;;;;;;;;;;;;;;;;;;;;
EM;;.;55;;;;;;;;;;;;;;;;;;;;;;;;;;;;;;;
EM;;.;56;;;;;;;;;;;;;;;;;;;;;;;;;;;;;;;
EM;;.;57;;;;;;;;;;;;;;;;;;;;;;;;;;;;;;;
EM;;.;58;;;;;;;;;;;;;;;;;;;;;;;;;;;;;;;
EM;;.;59;;;;;;;;;;;;;;;;;;;;;;;;;;;;;;;
EM;;.;60;;;;;;;;;;;;;;;;;;;;;;;;;;;;;;;
EM;;.;61;;;;;;;;;;;;;;;;;;;;;;;;;;;;;;;
EM;;.;62;;;;;;;;;;;;;;;;;;;;;;;;;;;;;;;
EM;;.;63;;;;;;;;;;;;;;;;;;;;;;;;;;;;;;;
EM;;.;64;;;;;;;;;;;;;;;;;;;;;;;;;;;;;;;
EM;;.;65;;;;;;;;;;;;;;;;;;;;;;;;;;;;;;;
EM;;.;66;;;;;;;;;;;;;;;;;;;;;;;;;;;;;;;
EM;;.;67;;;;;;;;;;;;;;;;;;;;;;;;;;;;;;;
EM;;.;68;;;;;;;;;;;;;;;;;;;;;;;;;;;;;;;
EM;;.;69;;;;;;;;;;;;;;;;;;;;;;;;;;;;;;;
EM;;.;70;;;;;;;;;;;;;;;;;;;;;;;;;;;;;;;
EM;;.;71;;;;;;;;;;;;;;;;;;;;;;;;;;;;;;;
EM;;.;72;;;;;;;;;;;;;;;;;;;;;;;;;;;;;;;
EM;;.;73;;;;;;;;;;;;;;;;;;;;;;;;;;;;;;;
EM;;.;74;;;;;;;;;;;;;;;;;;;;;;;;;;;;;;;
EM;;.;75;;;;;;;;;;;;;;;;;;;;;;;;;;;;;;;
EM;;.;76;;;;;;;;;;;;;;;;;;;;;;;;;;;;;;;
EM;;.;77;;;;;;;;;;;;;;;;;;;;;;;;;;;;;;;
EM;;.;78;;;;;;;;;;;;;;;;;;;;;;;;;;;;;;;
EM;;.;79;;;;;;;;;;;;;;;;;;;;;;;;;;;;;;;
EM;;.;80;;;;;;;;;;;;;;;;;;;;;;;;;;;;;;;
LEGENDA LAMPADE EMERGENZA;;;;;;;;;;;;;;;;;;;;;;;;;;;;;;;;;;
;;;;;;MONTAGGIO SU PARETE 
ALTEZZA H=3m;;;;;;;;;;;;;;;;;;;;;;;;;;;;
;;;;;;MONTAGGIO SU PARETE 
ALTEZZA H>3m (NECESSARIA PIATTAFORMA);;;;;;;;;;;;;;;;;;;;;;;;;;;;
;;;;;;MONTAGGIO SU BLINDO LUCE
ALTEZZA H>3m;;;;;;;;;;;;;;;;;;;;;;;;;;;;
LAMPADE EMERGENZA LINEA EM-3;;;;;;;;;;;;;;;;;;;;;;;;;;;;;;;;;;
EM;;.;1;;;;;;;;;;;;;;;;;;;;;;;;;;;;;;;
EM;;.;2;;;;;;;;;;;;;;;;;;;;;;;;;;;;;;;
EM;;.;3;;;;;;;;;;;;;;;;;;;;;;;;;;;;;;;
EM;;.;4;;;;;;;;;;;;;;;;;;;;;;;;;;;;;;;
EM;;.;5;;;;;;;;;;;;;;;;;;;;;;;;;;;;;;;
EM;;.;6;;;;;;;;;;;;;;;;;;;;;;;;;;;;;;;
EM;;.;7;;;;;;;;;;;;;;;;;;;;;;;;;;;;;;;
EM;;.;8;;;;;;;;;;;;;;;;;;;;;;;;;;;;;;;
EM;;.;9;;;;;;;;;;;;;;;;;;;;;;;;;;;;;;;
EM;;.;10;;;;;;;;;;;;;;;;;;;;;;;;;;;;;;;
EM;;.;11;;;;;;;;;;;;;;;;;;;;;;;;;;;;;;;
EM;;.;12;;;;;;;;;;;;;;;;;;;;;;;;;;;;;;;
EM;;.;13;;;;;;;;;;;;;;;;;;;;;;;;;;;;;;;
EM;;.;14;;;;;;;;;;;;;;;;;;;;;;;;;;;;;;;
EM;;.;15;;;;;;;;;;;;;;;;;;;;;;;;;;;;;;;
EM;;.;16;;;;;;;;;;;;;;;;;;;;;;;;;;;;;;;
EM;;.;17;;;;;;;;;;;;;;;;;;;;;;;;;;;;;;;
EM;;.;18;;;;;;;;;;;;;;;;;;;;;;;;;;;;;;;
EM;;.;19;;;;;;;;;;;;;;;;;;;;;;;;;;;;;;;
EM;;.;20;;;;;;;;;;;;;;;;;;;;;;;;;;;;;;;
EM;;.;21;;;;;;;;;;;;;;;;;;;;;;;;;;;;;;;
EM;;.;22;;;;;;;;;;;;;;;;;;;;;;;;;;;;;;;
EM;;.;23;;;;;;;;;;;;;;;;;;;;;;;;;;;;;;;
EM;;.;24;;;;;;;;;;;;;;;;;;;;;;;;;;;;;;;
EM;;.;25;;;;;;;;;;;;;;;;;;;;;;;;;;;;;;;
EM;;.;26;;;;;;;;;;;;;;;;;;;;;;;;;;;;;;;
EM;;.;27;;;;;;;;;;;;;;;;;;;;;;;;;;;;;;;
EM;;.;28;;;;;;;;;;;;;;;;;;;;;;;;;;;;;;;
EM;;.;29;;;;;;;;;;;;;;;;;;;;;;;;;;;;;;;
EM;;.;30;;;;;;;;;;;;;;;;;;;;;;;;;;;;;;;
EM;;.;31;;;;;;;;;;;;;;;;;;;;;;;;;;;;;;;
EM;;.;32;;;;;;;;;;;;;;;;;;;;;;;;;;;;;;;
EM;;.;33;;;;;;;;;;;;;;;;;;;;;;;;;;;;;;;
EM;;.;34;;;;;;;;;;;;;;;;;;;;;;;;;;;;;;;
EM;;.;35;;;;;;;;;;;;;;;;;;;;;;;;;;;;;;;
EM;;.;36;;;;;;;;;;;;;;;;;;;;;;;;;;;;;;;
EM;;.;37;;;;;;;;;;;;;;;;;;;;;;;;;;;;;;;
EM;;.;38;;;;;;;;;;;;;;;;;;;;;;;;;;;;;;;
EM;;.;39;;;;;;;;;;;;;;;;;;;;;;;;;;;;;;;
EM;;.;40;;;;;;;;;;;;;;;;;;;;;;;;;;;;;;;
EM;;.;41;;;;;;;;;;;;;;;;;;;;;;;;;;;;;;;
EM;;.;42;;;;;;;;;;;;;;;;;;;;;;;;;;;;;;;
EM;;.;43;;;;;;;;;;;;;;;;;;;;;;;;;;;;;;;
LEGENDA LAMPADE EMERGENZA;;;;;;;;;;;;;;;;;;;;;;;;;;;;;;;;;;
;;;;;;MONTAGGIO SU PARETE 
ALTEZZA H=3m;;;;;;;;;;;;;;;;;;;;;;;;;;;;
;;;;;;MONTAGGIO SU PARETE 
ALTEZZA H>3m (NECESSARIA PIATTAFORMA);;;;;;;;;;;;;;;;;;;;;;;;;;;;
;;;;;;MONTAGGIO SU BLINDO LUCE
ALTEZZA H>3m;;;;;;;;;;;;;;;;;;;;;;;;;;;;
LAMPADE EMERGENZA LINEA EM-4;;;;;;;;;;;;;;;;;;;;;;;;;;;;;;;;;;
EM;;.;1;;;;;;;;;;;;;;;;;;;;;;;;;;;;;;;
EM;;.;2;;;;;;;;;;;;;;;;;;;;;;;;;;;;;;;
EM;;.;3;;;;;;;;;;;;;;;;;;;;;;;;;;;;;;;
EM;;.;4;;;;;;;;;;;;;;;;;;;;;;;;;;;;;;;
EM;;.;5;;;;;;;;;;;;;;;;;;;;;;;;;;;;;;;
EM;;.;6;;;;;;;;;;;;;;;;;;;;;;;;;;;;;;;
EM;;.;7;;;;;;;;;;;;;;;;;;;;;;;;;;;;;;;
EM;;.;8;;;;;;;;;;;;;;;;;;;;;;;;;;;;;;;
EM;;.;9;;;;;;;;;;;;;;;;;;;;;;;;;;;;;;;
EM;;.;10;;;;;;;;;;;;;;;;;;;;;;;;;;;;;;;
EM;;.;11;;;;;;;;;;;;;;;;;;;;;;;;;;;;;;;
EM;;.;12;;;;;;;;;;;;;;;;;;;;;;;;;;;;;;;
EM;;.;13;;;;;;;;;;;;;;;;;;;;;;;;;;;;;;;
EM;;.;14;;;;;;;;;;;;;;;;;;;;;;;;;;;;;;;
EM;;.;15;;;;;;;;;;;;;;;;;;;;;;;;;;;;;;;
EM;;.;16;;;;;;;;;;;;;;;;;;;;;;;;;;;;;;;
EM;;.;17;;;;;;;;;;;;;;;;;;;;;;;;;;;;;;;
EM;;.;18;;;;;;;;;;;;;;;;;;;;;;;;;;;;;;;
EM;;.;19;;;;;;;;;;;;;;;;;;;;;;;;;;;;;;;
EM;;.;20;;;;;;;;;;;;;;;;;;;;;;;;;;;;;;;
EM;;.;21;;;;;;;;;;;;;;;;;;;;;;;;;;;;;;;
EM;;.;22;;;;;;;;;;;;;;;;;;;;;;;;;;;;;;;
EM;;.;23;;;;;;;;;;;;;;;;;;;;;;;;;;;;;;;
EM;;.;24;;;;;;;;;;;;;;;;;;;;;;;;;;;;;;;
EM;;.;25;;;;;;;;;;;;;;;;;;;;;;;;;;;;;;;
EM;;.;26;;;;;;;;;;;;;;;;;;;;;;;;;;;;;;;
EM;;.;27;;;;;;;;;;;;;;;;;;;;;;;;;;;;;;;
EM;;.;28;;;;;;;;;;;;;;;;;;;;;;;;;;;;;;;
EM;;.;29;;;;;;;;;;;;;;;;;;;;;;;;;;;;;;;
EM;;.;30;;;;;;;;;;;;;;;;;;;;;;;;;;;;;;;
EM;;.;31;;;;;;;;;;;;;;;;;;;;;;;;;;;;;;;
EM;;.;32;;;;;;;;;;;;;;;;;;;;;;;;;;;;;;;
EM;;.;33;;;;;;;;;;;;;;;;;;;;;;;;;;;;;;;
EM;;.;34;;;;;;;;;;;;;;;;;;;;;;;;;;;;;;;
EM;;.;35;;;;;;;;;;;;;;;;;;;;;;;;;;;;;;;
EM;;;36;;;;;;;;;;;;;;;;;;;;;;;;;;;;;;;
EM;;;37;;;;;;;;;;;;;;;;;;;;;;;;;;;;;;;
EM;;;38;;;;;;;;;;;;;;;;;;;;;;;;;;;;;;;
EM;;;39;;;;;;;;;;;;;;;;;;;;;;;;;;;;;;;
EM;;;40;;;;;;;;;;;;;;;;;;;;;;;;;;;;;;;
EM;;;41;;;;;;;;;;;;;;;;;;;;;;;;;;;;;;;
EM;;;42;;;;;;;;;;;;;;;;;;;;;;;;;;;;;;;
EM;;;43;;;;;;;;;;;;;;;;;;;;;;;;;;;;;;;
LEGENDA LAMPADE EMERGENZA;;;;;;;;;;;;;;;;;;;;;;;;;;;;;;;;;;
;;;;;;MONTAGGIO SU PARETE 
ALTEZZA H=3m;;;;;;;;;;;;;;;;;;;;;;;;;;;;
;;;;;;MONTAGGIO SU PARETE 
ALTEZZA H>3m (NECESSARIA PIATTAFORMA);;;;;;;;;;;;;;;;;;;;;;;;;;;;
;;;;;;MONTAGGIO SU BLINDO LUCE
ALTEZZA H>3m;;;;;;;;;;;;;;;;;;;;;;;;;;;;
LAMPADE EMERGENZA LINEA EM-5;;;;;;;;;;;;;;;;;;;;;;;;;;;;;;;;;;
EM;;.;1;;;;;;;;;;;;;;;;;;;;;;;;;;;;;;;
EM;;.;2;;;;;;;;;;;;;;;;;;;;;;;;;;;;;;;
EM;;.;3;;;;;;;;;;;;;;;;;;;;;;;;;;;;;;;
EM;;.;4;;;;;;;;;;;;;;;;;;;;;;;;;;;;;;;
EM;;.;5;;;;;;;;;;;;;;;;;;;;;;;;;;;;;;;
EM;;.;6;;;;;;;;;;;;;;;;;;;;;;;;;;;;;;;
EM;;.;7;;;;;;;;;;;;;;;;;;;;;;;;;;;;;;;
EM;;.;8;;;;;;;;;;;;;;;;;;;;;;;;;;;;;;;
EM;;.;9;;;;;;;;;;;;;;;;;;;;;;;;;;;;;;;
EM;;.;10;;;;;;;;;;;;;;;;;;;;;;;;;;;;;;;
EM;;.;11;;;;;;;;;;;;;;;;;;;;;;;;;;;;;;;
EM;;.;12;;;;;;;;;;;;;;;;;;;;;;;;;;;;;;;
EM;;.;13;;;;;;;;;;;;;;;;;;;;;;;;;;;;;;;
EM;;.;14;;;;;;;;;;;;;;;;;;;;;;;;;;;;;;;
EM;;.;15;;;;;;;;;;;;;;;;;;;;;;;;;;;;;;;
EM;;.;16;;;;;;;;;;;;;;;;;;;;;;;;;;;;;;;
EM;;.;17;;;;;;;;;;;;;;;;;;;;;;;;;;;;;;;
EM;;.;18;;;;;;;;;;;;;;;;;;;;;;;;;;;;;;;
EM;;.;19;;;;;;;;;;;;;;;;;;;;;;;;;;;;;;;
EM;;.;20;;;;;;;;;;;;;;;;;;;;;;;;;;;;;;;
EM;;.;21;;;;;;;;;;;;;;;;;;;;;;;;;;;;;;;
EM;;.;22;;;;;;;;;;;;;;;;;;;;;;;;;;;;;;;
EM;;.;23;;;;;;;;;;;;;;;;;;;;;;;;;;;;;;;
EM;;.;24;;;;;;;;;;;;;;;;;;;;;;;;;;;;;;;
EM;;.;25;;;;;;;;;;;;;;;;;;;;;;;;;;;;;;;
EM;;.;26;;;;;;;;;;;;;;;;;;;;;;;;;;;;;;;
EM;;.;27;;;;;;;;;;;;;;;;;;;;;;;;;;;;;;;
EM;;.;28;;;;;;;;;;;;;;;;;;;;;;;;;;;;;;;
EM;;.;29;;;;;;;;;;;;;;;;;;;;;;;;;;;;;;;
EM;;.;30;;;;;;;;;;;;;;;;;;;;;;;;;;;;;;;
EM;;.;31;;;;;;;;;;;;;;;;;;;;;;;;;;;;;;;
EM;;.;32;;;;;;;;;;;;;;;;;;;;;;;;;;;;;;;
EM;;.;33;;;;;;;;;;;;;;;;;;;;;;;;;;;;;;;
EM;;.;34;;;;;;;;;;;;;;;;;;;;;;;;;;;;;;;
EM;;.;35;;;;;;;;;;;;;;;;;;;;;;;;;;;;;;;
EM;;;36;;;;;;;;;;;;;;;;;;;;;;;;;;;;;;;
EM;;;37;;;;;;;;;;;;;;;;;;;;;;;;;;;;;;;
EM;;;38;;;;;;;;;;;;;;;;;;;;;;;;;;;;;;;
EM;;;39;;;;;;;;;;;;;;;;;;;;;;;;;;;;;;;
EM;;;40;;;;;;;;;;;;;;;;;;;;;;;;;;;;;;;
EM;;;41;;;;;;;;;;;;;;;;;;;;;;;;;;;;;;;
EM;;;42;;;;;;;;;;;;;;;;;;;;;;;;;;;;;;;
EM;;;43;;;;;;;;;;;;;;;;;;;;;;;;;;;;;;;
LEGENDA LAMPADE EMERGENZA;;;;;;;;;;;;;;;;;;;;;;;;;;;;;;;;;;
;;;;;;MONTAGGIO SU PARETE 
ALTEZZA H=3m;;;;;;;;;;;;;;;;;;;;;;;;;;;;
;;;;;;MONTAGGIO SU PARETE 
ALTEZZA H>3m (NECESSARIA PIATTAFORMA);;;;;;;;;;;;;;;;;;;;;;;;;;;;
;;;;;;MONTAGGIO SU BLINDO LUCE
ALTEZZA H>3m;;;;;;;;;;;;;;;;;;;;;;;;;;;;
LAMPADE EMERGENZA LINEA EM-6;;;;;;;;;;;;;;;;;;;;;;;;;;;;;;;;;;
EM;;.;1;;;;;;;;;;;;;;;;;;;;;;;;;;;;;;;
EM;;.;2;;;;;;;;;;;;;;;;;;;;;;;;;;;;;;;
EM;;.;3;;;;;;;;;;;;;;;;;;;;;;;;;;;;;;;
EM;;.;4;;;;;;;;;;;;;;;;;;;;;;;;;;;;;;;
EM;;.;5;;;;;;;;;;;;;;;;;;;;;;;;;;;;;;;
EM;;.;6;;;;;;;;;;;;;;;;;;;;;;;;;;;;;;;
EM;;.;7;;;;;;;;;;;;;;;;;;;;;;;;;;;;;;;
EM;;.;8;;;;;;;;;;;;;;;;;;;;;;;;;;;;;;;
EM;;.;9;;;;;;;;;;;;;;;;;;;;;;;;;;;;;;;
EM;;.;10;;;;;;;;;;;;;;;;;;;;;;;;;;;;;;;
EM;;.;11;;;;;;;;;;;;;;;;;;;;;;;;;;;;;;;
EM;;.;12;;;;;;;;;;;;;;;;;;;;;;;;;;;;;;;
EM;;.;13;;;;;;;;;;;;;;;;;;;;;;;;;;;;;;;
EM;;.;14;;;;;;;;;;;;;;;;;;;;;;;;;;;;;;;
EM;;.;15;;;;;;;;;;;;;;;;;;;;;;;;;;;;;;;
EM;;.;16;;;;;;;;;;;;;;;;;;;;;;;;;;;;;;;
EM;;.;17;;;;;;;;;;;;;;;;;;;;;;;;;;;;;;;
EM;;.;18;;;;;;;;;;;;;;;;;;;;;;;;;;;;;;;
EM;;.;19;;;;;;;;;;;;;;;;;;;;;;;;;;;;;;;
EM;;.;20;;;;;;;;;;;;;;;;;;;;;;;;;;;;;;;
EM;;.;21;;;;;;;;;;;;;;;;;;;;;;;;;;;;;;;
EM;;.;22;;;;;;;;;;;;;;;;;;;;;;;;;;;;;;;
EM;;.;23;;;;;;;;;;;;;;;;;;;;;;;;;;;;;;;
EM;;.;24;;;;;;;;;;;;;;;;;;;;;;;;;;;;;;;
EM;;.;25;;;;;;;;;;;;;;;;;;;;;;;;;;;;;;;
EM;;.;26;;;;;;;;;;;;;;;;;;;;;;;;;;;;;;;
EM;;.;27;;;;;;;;;;;;;;;;;;;;;;;;;;;;;;;
EM;;.;28;;;;;;;;;;;;;;;;;;;;;;;;;;;;;;;
EM;;.;29;;;;;;;;;;;;;;;;;;;;;;;;;;;;;;;
EM;;.;30;;;;;;;;;;;;;;;;;;;;;;;;;;;;;;;
EM;;.;31;;;;;;;;;;;;;;;;;;;;;;;;;;;;;;;
EM;;.;32;;;;;;;;;;;;;;;;;;;;;;;;;;;;;;;
EM;;.;33;;;;;;;;;;;;;;;;;;;;;;;;;;;;;;;
EM;;.;34;;;;;;;;;;;;;;;;;;;;;;;;;;;;;;;
EM;;.;35;;;;;;;;;;;;;;;;;;;;;;;;;;;;;;;
EM;;;36;;;;;;;;;;;;;;;;;;;;;;;;;;;;;;;
EM;;;37;;;;;;;;;;;;;;;;;;;;;;;;;;;;;;;
EM;;;38;;;;;;;;;;;;;;;;;;;;;;;;;;;;;;;
EM;;;39;;;;;;;;;;;;;;;;;;;;;;;;;;;;;;;
EM;;;40;;;;;;;;;;;;;;;;;;;;;;;;;;;;;;;
EM;;;41;;;;;;;;;;;;;;;;;;;;;;;;;;;;;;;
EM;;;42;;;;;;;;;;;;;;;;;;;;;;;;;;;;;;;
EM;;;43;;;;;;;;;;;;;;;;;;;;;;;;;;;;;;;
LEGENDA LAMPADE EMERGENZA;;;;;;;;;;;;;;;;;;;;;;;;;;;;;;;;;;
;;;;;;MONTAGGIO SU PARETE 
ALTEZZA H=3m;;;;;;;;;;;;;;;;;;;;;;;;;;;;
;;;;;;MONTAGGIO SU PARETE 
ALTEZZA H>3m (NECESSARIA PIATTAFORMA);;;;;;;;;;;;;;;;;;;;;;;;;;;;
;;;;;;MONTAGGIO SU BLINDO LUCE
ALTEZZA H>3m;;;;;;;;;;;;;;;;;;;;;;;;;;;;
LAMPADE EMERGENZA LINEA EM-7;;;;;;;;;;;;;;;;;;;;;;;;;;;;;;;;;;
EM;;.;1;;;;;;;;;;;;;;;;;;;;;;;;;;;;;;;
EM;;.;2;;;;;;;;;;;;;;;;;;;;;;;;;;;;;;;
EM;;.;3;;;;;;;;;;;;;;;;;;;;;;;;;;;;;;;
EM;;.;4;;;;;;;;;;;;;;;;;;;;;;;;;;;;;;;
EM;;.;5;;;;;;;;;;;;;;;;;;;;;;;;;;;;;;;
EM;;.;6;;;;;;;;;;;;;;;;;;;;;;;;;;;;;;;
EM;;.;7;;;;;;;;;;;;;;;;;;;;;;;;;;;;;;;
EM;;.;8;;;;;;;;;;;;;;;;;;;;;;;;;;;;;;;
EM;;.;9;;;;;;;;;;;;;;;;;;;;;;;;;;;;;;;
EM;;.;10;;;;;;;;;;;;;;;;;;;;;;;;;;;;;;;
EM;;.;11;;;;;;;;;;;;;;;;;;;;;;;;;;;;;;;
EM;;.;12;;;;;;;;;;;;;;;;;;;;;;;;;;;;;;;
EM;;.;13;;;;;;;;;;;;;;;;;;;;;;;;;;;;;;;
EM;;.;14;;;;;;;;;;;;;;;;;;;;;;;;;;;;;;;
EM;;.;15;;;;;;;;;;;;;;;;;;;;;;;;;;;;;;;
EM;;.;16;;;;;;;;;;;;;;;;;;;;;;;;;;;;;;;
EM;;.;17;;;;;;;;;;;;;;;;;;;;;;;;;;;;;;;
EM;;.;18;;;;;;;;;;;;;;;;;;;;;;;;;;;;;;;
EM;;.;19;;;;;;;;;;;;;;;;;;;;;;;;;;;;;;;
EM;;.;20;;;;;;;;;;;;;;;;;;;;;;;;;;;;;;;
EM;;.;21;;;;;;;;;;;;;;;;;;;;;;;;;;;;;;;
EM;;.;22;;;;;;;;;;;;;;;;;;;;;;;;;;;;;;;
EM;;.;23;;;;;;;;;;;;;;;;;;;;;;;;;;;;;;;
EM;;.;24;;;;;;;;;;;;;;;;;;;;;;;;;;;;;;;
EM;;.;25;;;;;;;;;;;;;;;;;;;;;;;;;;;;;;;
EM;;.;26;;;;;;;;;;;;;;;;;;;;;;;;;;;;;;;
EM;;.;27;;;;;;;;;;;;;;;;;;;;;;;;;;;;;;;
EM;;.;28;;;;;;;;;;;;;;;;;;;;;;;;;;;;;;;
EM;;.;29;;;;;;;;;;;;;;;;;;;;;;;;;;;;;;;
EM;;.;30;;;;;;;;;;;;;;;;;;;;;;;;;;;;;;;
EM;;.;31;;;;;;;;;;;;;;;;;;;;;;;;;;;;;;;
EM;;.;32;;;;;;;;;;;;;;;;;;;;;;;;;;;;;;;
EM;;.;33;;;;;;;;;;;;;;;;;;;;;;;;;;;;;;;
EM;;.;34;;;;;;;;;;;;;;;;;;;;;;;;;;;;;;;
EM;;.;35;;;;;;;;;;;;;;;;;;;;;;;;;;;;;;;
EM;;;36;;;;;;;;;;;;;;;;;;;;;;;;;;;;;;;
EM;;;37;;;;;;;;;;;;;;;;;;;;;;;;;;;;;;;
EM;;;38;;;;;;;;;;;;;;;;;;;;;;;;;;;;;;;
EM;;;39;;;;;;;;;;;;;;;;;;;;;;;;;;;;;;;
EM;;;40;;;;;;;;;;;;;;;;;;;;;;;;;;;;;;;
EM;;;41;;;;;;;;;;;;;;;;;;;;;;;;;;;;;;;
EM;;;42;;;;;;;;;;;;;;;;;;;;;;;;;;;;;;;
EM;;;43;;;;;;;;;;;;;;;;;;;;;;;;;;;;;;;
LEGENDA LAMPADE EMERGENZA;;;;;;;;;;;;;;;;;;;;;;;;;;;;;;;;;;
;;;;;;MONTAGGIO SU PARETE 
ALTEZZA H=3m;;;;;;;;;;;;;;;;;;;;;;;;;;;;
;;;;;;MONTAGGIO SU PARETE 
ALTEZZA H>3m (NECESSARIA PIATTAFORMA);;;;;;;;;;;;;;;;;;;;;;;;;;;;
;;;;;;MONTAGGIO SU BLINDO LUCE
ALTEZZA H>3m;;;;;;;;;;;;;;;;;;;;;;;;;;;;
LAMPADE EMERGENZA LINEA EM-8;;;;;;;;;;;;;;;;;;;;;;;;;;;;;;;;;;
EM;;.;1;;;;;;;;;;;;;;;;;;;;;;;;;;;;;;;
EM;;.;2;;;;;;;;;;;;;;;;;;;;;;;;;;;;;;;
EM;;.;3;;;;;;;;;;;;;;;;;;;;;;;;;;;;;;;
EM;;.;4;;;;;;;;;;;;;;;;;;;;;;;;;;;;;;;
EM;;.;5;;;;;;;;;;;;;;;;;;;;;;;;;;;;;;;
EM;;.;6;;;;;;;;;;;;;;;;;;;;;;;;;;;;;;;
EM;;.;7;;;;;;;;;;;;;;;;;;;;;;;;;;;;;;;
EM;;.;8;;;;;;;;;;;;;;;;;;;;;;;;;;;;;;;
EM;;.;9;;;;;;;;;;;;;;;;;;;;;;;;;;;;;;;
EM;;.;10;;;;;;;;;;;;;;;;;;;;;;;;;;;;;;;
EM;;.;11;;;;;;;;;;;;;;;;;;;;;;;;;;;;;;;
EM;;.;12;;;;;;;;;;;;;;;;;;;;;;;;;;;;;;;
EM;;.;13;;;;;;;;;;;;;;;;;;;;;;;;;;;;;;;
EM;;.;14;;;;;;;;;;;;;;;;;;;;;;;;;;;;;;;
EM;;.;15;;;;;;;;;;;;;;;;;;;;;;;;;;;;;;;
EM;;.;16;;;;;;;;;;;;;;;;;;;;;;;;;;;;;;;
EM;;.;17;;;;;;;;;;;;;;;;;;;;;;;;;;;;;;;
EM;;.;18;;;;;;;;;;;;;;;;;;;;;;;;;;;;;;;
EM;;.;19;;;;;;;;;;;;;;;;;;;;;;;;;;;;;;;
EM;;.;20;;;;;;;;;;;;;;;;;;;;;;;;;;;;;;;
EM;;.;21;;;;;;;;;;;;;;;;;;;;;;;;;;;;;;;
EM;;.;22;;;;;;;;;;;;;;;;;;;;;;;;;;;;;;;
EM;;.;23;;;;;;;;;;;;;;;;;;;;;;;;;;;;;;;
EM;;.;24;;;;;;;;;;;;;;;;;;;;;;;;;;;;;;;
EM;;.;25;;;;;;;;;;;;;;;;;;;;;;;;;;;;;;;
EM;;.;26;;;;;;;;;;;;;;;;;;;;;;;;;;;;;;;
EM;;.;27;;;;;;;;;;;;;;;;;;;;;;;;;;;;;;;
EM;;.;28;;;;;;;;;;;;;;;;;;;;;;;;;;;;;;;
EM;;.;29;;;;;;;;;;;;;;;;;;;;;;;;;;;;;;;
EM;;.;30;;;;;;;;;;;;;;;;;;;;;;;;;;;;;;;
EM;;.;31;;;;;;;;;;;;;;;;;;;;;;;;;;;;;;;
EM;;.;32;;;;;;;;;;;;;;;;;;;;;;;;;;;;;;;
EM;;.;33;;;;;;;;;;;;;;;;;;;;;;;;;;;;;;;
EM;;.;34;;;;;;;;;;;;;;;;;;;;;;;;;;;;;;;
EM;;.;35;;;;;;;;;;;;;;;;;;;;;;;;;;;;;;;
EM;;;36;;;;;;;;;;;;;;;;;;;;;;;;;;;;;;;
EM;;;37;;;;;;;;;;;;;;;;;;;;;;;;;;;;;;;
EM;;;38;;;;;;;;;;;;;;;;;;;;;;;;;;;;;;;
EM;;;39;;;;;;;;;;;;;;;;;;;;;;;;;;;;;;;
EM;;;40;;;;;;;;;;;;;;;;;;;;;;;;;;;;;;;
EM;;;41;;;;;;;;;;;;;;;;;;;;;;;;;;;;;;;
EM;;;42;;;;;;;;;;;;;;;;;;;;;;;;;;;;;;;
EM;;;43;;;;;;;;;;;;;;;;;;;;;;;;;;;;;;;
LEGENDA LAMPADE EMERGENZA;;;;;;;;;;;;;;;;;;;;;;;;;;;;;;;;;;
;;;;;;MONTAGGIO SU PARETE 
ALTEZZA H=3m;;;;;;;;;;;;;;;;;;;;;;;;;;;;
;;;;;;MONTAGGIO SU PARETE 
ALTEZZA H>3m (NECESSARIA PIATTAFORMA);;;;;;;;;;;;;;;;;;;;;;;;;;;;
;;;;;;MONTAGGIO SU BLINDO LUCE
ALTEZZA H>3m;;;;;;;;;;;;;;;;;;;;;;;;;;;;
