SCHEDA DI VERIFICA E MANUTENZIONE PERIODICA PROGRAMMATA IMPIANTI ELETTRICI/ELETTRONICI;;;;;;;;;;;;;;;;;;;;;;;;;;;;;;;;;;;;;;;;
Codice 
Scheda:;;RI;;.;;;Oggetto scheda:;;RI;;;;ELENCO COMPONENTI IMPIANTO RILEVAZIONE/SEGNALAZIONE INCENDI;;;;;;;;;;;;;;;;;;;Periodicitˆ:;;;06;;MESI;;;
;;;;;;;;;;;;;;;;;;;;;;;;;;;;;;;;;;;;;;;;
Azienda
Appaltatrice;;Desiderio Impianti S.r.l.;;;;;;Sito;0;;;;;;Cliente:;;0;;;;;;;;;;;;;;;Data inizio periodo
attivitˆ;;;;;;;;
Premessa e/o informazioni:                                              NORME CEI 78-17:2015, CEI 0-10:2012, CEI EN 50110:2014, CEI 11-27:2014, CEI 64-8:2012, CEI 64-14:2007;;;;;;;;;;;;;;;;;;;;;;;;;;;;;;;;Data precedente;;;;;;;;
Il controllo periodico deve essere effettuato da tecnico qualificato. Prima di passare alla fase esecutiva delle prove, occorre controllare la presenza dei documenti riguardanti il controllo iniziale. Durante le operazioni di controllo periodico, deve essere eseguito un controllo funzionale sul sistema, e sul 50% di tutti i dispositivi e azionamenti presenti nel sistema, essendo le verifiche semestrali, raggiungendo il 100% dei dispositivi nell'arco dei 12 mesi. Prima di procedere con le prove della parte di rivelazione degli impianti di rivelazione e spegnimento, porre le apparecchiature di comando dello spegnimento autotatico in sicurezza, per evitare l'attivazione dello spegnimento a causa delle operazioni di controllo. In modo particolare assicurarsi che gli effetti delle prove (segnalazioni e comandi) non producano situazioni di pericolo o attuazioni indesiderate, pianificando ed organizzando le prove, ed i metodi di prova, con il responsabile della sicurezza e/o con il responsabile del servizio prevenzione e protezione competente.;;;;;;;;;;;;;;;;;;;;;;;;;;;;;;;;attivitˆ V&M;;;;;;;;
;;;;;;;;;;;;;;;;;;;;;;;;;;;;;;;;Data attuale
attivitˆ V&M;;;;;;;;
;;;;;;;;;;;;;;;;;;;;;;;;;;;;;;;;Verificatore/
Manutentore;;;;;;;;
;;;;;;;;;;;;;;;;;;;;;;;;;;;;;;;;Firma;;;;;;;;
;;;;;;;;;;;;;;;;;;;;;;;;;;;;;;;;;;;;;;;;
RIVELATORI LOOP 1;;;;;;;;;;;;;;;;;;;;;;;;;;;;;;;;;;;;;;;;
INDIRIZZO;;;;TIPO;;;INSTALLAZIONE;;;DESCRIZIONE;;;;;ZONA;;;DATA DI INSTALLAZIONE
SOSTITUZIONE O REVISIONE;;;;;;;Esito;;;;;;Note a seguito di verifica;;;;;;;;;
;;;;;;;;;;;;;;;;;;;;;;;;;P;PI;NA;NP;VN;B;;;;;;;;;;
RIV;.;L1;.1;TERMO;TERMO;TERMO;;;;SOTTOCENTRALE TERMICA;SOTTOCENTRALE TERMICA;SOTTOCENTRALE TERMICA;SOTTOCENTRALE TERMICA;SOTTOCENTRALE TERMICA;PINT;PINT;PINT;;;;;;;;;;;;;;;;;;;;;;;
RIV;.;L1;.2;FUMO;FUMO;FUMO;;;;LOCALE QUADRO ELETTRICO;LOCALE QUADRO ELETTRICO;LOCALE QUADRO ELETTRICO;LOCALE QUADRO ELETTRICO;LOCALE QUADRO ELETTRICO;PINT;PINT;PINT;;;;;;;;;;;;;;;;;;;;;;;
RIV;.;L1;.3;FUMO;FUMO;FUMO;;;;SPOGLIATOIO PERSONALE;SPOGLIATOIO PERSONALE;SPOGLIATOIO PERSONALE;SPOGLIATOIO PERSONALE;SPOGLIATOIO PERSONALE;PINT;PINT;PINT;;;;;;;;;;;;;;;;;;;;;;;
RIV;.;L1;.4;FUMO;FUMO;FUMO;CONTROSOFFITTO;CONTROSOFFITTO;CONTROSOFFITTO;SPOGLIATOIO PERSONALE;SPOGLIATOIO PERSONALE;SPOGLIATOIO PERSONALE;SPOGLIATOIO PERSONALE;SPOGLIATOIO PERSONALE;PINT;PINT;PINT;;;;;;;;;;;;;;;;;;;;;;;
RIV;.;L1;.5;FUMO;FUMO;FUMO;;;;DEPOSITO SPORCO;DEPOSITO SPORCO;DEPOSITO SPORCO;DEPOSITO SPORCO;DEPOSITO SPORCO;PINT;PINT;PINT;;;;;;;;;;;;;;;;;;;;;;;
RIV;.;L1;.6;FUMO;FUMO;FUMO;CONTROSOFFITTO;CONTROSOFFITTO;CONTROSOFFITTO;DPOSITO SPORCO;DPOSITO SPORCO;DPOSITO SPORCO;DPOSITO SPORCO;DPOSITO SPORCO;PINT;PINT;PINT;;;;;;;;;;;;;;;;;;;;;;;
RIV;.;L1;.7;FUMO;FUMO;FUMO;;;;SENSORE 1 CORRIDOIO;SENSORE 1 CORRIDOIO;SENSORE 1 CORRIDOIO;SENSORE 1 CORRIDOIO;SENSORE 1 CORRIDOIO;PINT;PINT;PINT;;;;;;;;;;;;;;;;;;;;;;;
RIV;.;L1;.8;FUMO;FUMO;FUMO;;;;SENSORE 2 CORRIDOIO;SENSORE 2 CORRIDOIO;SENSORE 2 CORRIDOIO;SENSORE 2 CORRIDOIO;SENSORE 2 CORRIDOIO;PINT;PINT;PINT;;;;;;;;;;;;;;;;;;;;;;;
RIV;.;L1;.9;FUMO;FUMO;FUMO;;;;BOX 2;BOX 2;BOX 2;BOX 2;BOX 2;PINT;PINT;PINT;;;;;;;;;;;;;;;;;;;;;;;
RIV;.;L1;.10;FUMO;FUMO;FUMO;CONTROSOFFITTO;CONTROSOFFITTO;CONTROSOFFITTO;BOX 2;BOX 2;BOX 2;BOX 2;BOX 2;PINT;PINT;PINT;;;;;;;;;;;;;;;;;;;;;;;
RIV;.;L1;.11;FUMO;FUMO;FUMO;;;;BOX 1;BOX 1;BOX 1;BOX 1;BOX 1;PINT;PINT;PINT;;;;;;;;;;;;;;;;;;;;;;;
RIV;.;L1;.12;FUMO;FUMO;FUMO;CONTROSOFFITTO;CONTROSOFFITTO;CONTROSOFFITTO;BOX 1;BOX 1;BOX 1;BOX 1;BOX 1;PINT;PINT;PINT;;;;;;;;;;;;;;;;;;;;;;;
RIV;.;L1;.13;FUMO;FUMO;FUMO;;;;RIPOSTIGLIO SCALE;RIPOSTIGLIO SCALE;RIPOSTIGLIO SCALE;RIPOSTIGLIO SCALE;RIPOSTIGLIO SCALE;PINT;PINT;PINT;;;;;;;;;;;;;;;;;;;;;;;
RIV;.;L1;.14;FUMO;FUMO;FUMO;CONTROSOFFITTO;CONTROSOFFITTO;CONTROSOFFITTO;CORRIDOIO SCALE;CORRIDOIO SCALE;CORRIDOIO SCALE;CORRIDOIO SCALE;CORRIDOIO SCALE;PINT;PINT;PINT;;;;;;;;;;;;;;;;;;;;;;;
RIV;.;L1;.15;FUMO;FUMO;FUMO;;;;SBARCO ASCENSORE;SBARCO ASCENSORE;SBARCO ASCENSORE;SBARCO ASCENSORE;SBARCO ASCENSORE;PINT;PINT;PINT;;;;;;;;;;;;;;;;;;;;;;;
RIV;.;L1;.16;FUMO;FUMO;FUMO;;;;VANO TECNICO ASCENSORE;VANO TECNICO ASCENSORE;VANO TECNICO ASCENSORE;VANO TECNICO ASCENSORE;VANO TECNICO ASCENSORE;PINT;PINT;PINT;;;;;;;;;;;;;;;;;;;;;;;
RIV;.;L1;.17;FUMO;FUMO;FUMO;;;;SENSORE 1 SPOGLIATOIO UOMINI;SENSORE 1 SPOGLIATOIO UOMINI;SENSORE 1 SPOGLIATOIO UOMINI;SENSORE 1 SPOGLIATOIO UOMINI;SENSORE 1 SPOGLIATOIO UOMINI;PINT;PINT;PINT;;;;;;;;;;;;;;;;;;;;;;;
RIV;.;L1;.18;FUMO;FUMO;FUMO;;;;SENSORE 2 SPOGLIATOIO UOMINI;SENSORE 2 SPOGLIATOIO UOMINI;SENSORE 2 SPOGLIATOIO UOMINI;SENSORE 2 SPOGLIATOIO UOMINI;SENSORE 2 SPOGLIATOIO UOMINI;PINT;PINT;PINT;;;;;;;;;;;;;;;;;;;;;;;
RIV;.;L1;.19;FUMO;FUMO;FUMO;;;;CORRIDOIO SPOGLIATOIO;CORRIDOIO SPOGLIATOIO;CORRIDOIO SPOGLIATOIO;CORRIDOIO SPOGLIATOIO;CORRIDOIO SPOGLIATOIO;PINT;PINT;PINT;;;;;;;;;;;;;;;;;;;;;;;
RIV;.;L1;.20;FUMO;FUMO;FUMO;;;;SPOGLIATOIO DISABILI;SPOGLIATOIO DISABILI;SPOGLIATOIO DISABILI;SPOGLIATOIO DISABILI;SPOGLIATOIO DISABILI;PINT;PINT;PINT;;;;;;;;;;;;;;;;;;;;;;;
RIV;.;L1;.21;FUMO;FUMO;FUMO;;;;SPOGLIATOIO DONNE;SPOGLIATOIO DONNE;SPOGLIATOIO DONNE;SPOGLIATOIO DONNE;SPOGLIATOIO DONNE;PINT;PINT;PINT;;;;;;;;;;;;;;;;;;;;;;;
RIV;.;L1;.22;FUMO;FUMO;FUMO;;;;CAMERA ANALISI 1 MANDATA CONDOTTA ARIA;CAMERA ANALISI 1 MANDATA CONDOTTA ARIA;CAMERA ANALISI 1 MANDATA CONDOTTA ARIA;CAMERA ANALISI 1 MANDATA CONDOTTA ARIA;CAMERA ANALISI 1 MANDATA CONDOTTA ARIA;PINT;PINT;PINT;;;;;;;;;;;;;;;;;;;;;;;
RIV;.;L1;.23;FUMO;FUMO;FUMO;;;;CAMERA ANALISI 2 RIPRESA CONDOTTA ARIA;CAMERA ANALISI 2 RIPRESA CONDOTTA ARIA;CAMERA ANALISI 2 RIPRESA CONDOTTA ARIA;CAMERA ANALISI 2 RIPRESA CONDOTTA ARIA;CAMERA ANALISI 2 RIPRESA CONDOTTA ARIA;PINT;PINT;PINT;;;;;;;;;;;;;;;;;;;;;;;
RIV;.;L1;.24;FUMO;FUMO;FUMO;;;;CAMERA ANALISI 3 MANDATA CONDOTTA ARIA;CAMERA ANALISI 3 MANDATA CONDOTTA ARIA;CAMERA ANALISI 3 MANDATA CONDOTTA ARIA;CAMERA ANALISI 3 MANDATA CONDOTTA ARIA;CAMERA ANALISI 3 MANDATA CONDOTTA ARIA;PINT;PINT;PINT;;;;;;;;;;;;;;;;;;;;;;;
RIV;.;L1;.25;FUMO;FUMO;FUMO;;;;CAMERA ANALISI 4 RIPRESA CONDOTTA ARIA;CAMERA ANALISI 4 RIPRESA CONDOTTA ARIA;CAMERA ANALISI 4 RIPRESA CONDOTTA ARIA;CAMERA ANALISI 4 RIPRESA CONDOTTA ARIA;CAMERA ANALISI 4 RIPRESA CONDOTTA ARIA;PINT;PINT;PINT;;;;;;;;;;;;;;;;;;;;;;;
RIV;.;L1;.26;FUMO;FUMO;FUMO;;;;CAMERA ANALISI 5 MANDATA CONDOTTA ARIA;CAMERA ANALISI 5 MANDATA CONDOTTA ARIA;CAMERA ANALISI 5 MANDATA CONDOTTA ARIA;CAMERA ANALISI 5 MANDATA CONDOTTA ARIA;CAMERA ANALISI 5 MANDATA CONDOTTA ARIA;PINT;PINT;PINT;;;;;;;;;;;;;;;;;;;;;;;
RIV;.;L1;.27;BARR.;BARR.;BARR.;;;;BARRIERA RECEPTION;BARRIERA RECEPTION;BARRIERA RECEPTION;BARRIERA RECEPTION;BARRIERA RECEPTION;PT;PT;PT;;;;;;;;;;;;;;;;;;;;;;;
RIV;.;L1;.28;FUMO;FUMO;FUMO;;;;SENSORE SCALE;SENSORE SCALE;SENSORE SCALE;SENSORE SCALE;SENSORE SCALE;PT;PT;PT;;;;;;;;;;;;;;;;;;;;;;;
RIV;.;L1;.29;;;;;;;;;;;;;;;;;;;;;;;;;;;;;;;;;;;;;
RIV;.;L1;.30;;;;;;;;;;;;;;;;;;;;;;;;;;;;;;;;;;;;;
RIV;.;L1;.31;;;;;;;;;;;;;;;;;;;;;;;;;;;;;;;;;;;;;
RIV;.;L1;.32;;;;;;;;;;;;;;;;;;;;;;;;;;;;;;;;;;;;;
RIV;.;L1;.33;;;;;;;;;;;;;;;;;;;;;;;;;;;;;;;;;;;;;
RIV;.;L1;.34;;;;;;;;;;;;;;;;;;;;;;;;;;;;;;;;;;;;;
RIV;.;L1;.35;;;;;;;;;;;;;;;;;;;;;;;;;;;;;;;;;;;;;
RIV;.;L1;.36;;;;;;;;;;;;;;;;;;;;;;;;;;;;;;;;;;;;;
RIV;.;L1;.37;;;;;;;;;;;;;;;;;;;;;;;;;;;;;;;;;;;;;
RIV;.;L1;.38;;;;;;;;;;;;;;;;;;;;;;;;;;;;;;;;;;;;;
RIV;.;L1;.39;;;;;;;;;;;;;;;;;;;;;;;;;;;;;;;;;;;;;
RIV;.;L1;.40;;;;;;;;;;;;;;;;;;;;;;;;;;;;;;;;;;;;;
RIV;.;L1;.41;;;;;;;;;;;;;;;;;;;;;;;;;;;;;;;;;;;;;
RIV;.;L1;.42;;;;;;;;;;;;;;;;;;;;;;;;;;;;;;;;;;;;;
RIV;.;L1;.43;;;;;;;;;;;;;;;;;;;;;;;;;;;;;;;;;;;;;
RIV;.;L1;.44;;;;;;;;;;;;;;;;;;;;;;;;;;;;;;;;;;;;;
RIV;.;L1;.45;;;;;;;;;;;;;;;;;;;;;;;;;;;;;;;;;;;;;
RIV;.;L1;.46;;;;;;;;;;;;;;;;;;;;;;;;;;;;;;;;;;;;;
RIV;.;L1;.47;;;;;;;;;;;;;;;;;;;;;;;;;;;;;;;;;;;;;
RIV;.;L1;.48;;;;;;;;;;;;;;;;;;;;;;;;;;;;;;;;;;;;;
RIV;.;L1;.49;;;;;;;;;;;;;;;;;;;;;;;;;;;;;;;;;;;;;
RIV;.;L1;.50;;;;;;;;;;;;;;;;;;;;;;;;;;;;;;;;;;;;;
RIVELATORI LOOP 1;;;;;;;;;;;;;;;;;;;;;;;;;;;;;;;;;;;;;;;;
INDIRIZZO;;;;TIPO;;;INSTALLAZIONE;;;DESCRIZIONE;;;;;ZONA;;;DATA DI INSTALLAZIONE
SOSTITUZIONE O REVISIONE;;;;;;;Esito;;;;;;Note a seguito di verifica;;;;;;;;;
;;;;;;;;;;;;;;;;;;;;;;;;;P;PI;NA;NP;VN;B;;;;;;;;;;
RIV;.;L1;.51;;;;;;;;;;;;;;;;;;;;;;;;;;;;;;;;;;;;;
RIV;.;L1;.52;;;;;;;;;;;;;;;;;;;;;;;;;;;;;;;;;;;;;
RIV;.;L1;.53;;;;;;;;;;;;;;;;;;;;;;;;;;;;;;;;;;;;;
RIV;.;L1;.54;;;;;;;;;;;;;;;;;;;;;;;;;;;;;;;;;;;;;
RIV;.;L1;.55;;;;;;;;;;;;;;;;;;;;;;;;;;;;;;;;;;;;;
RIV;.;L1;.56;;;;;;;;;;;;;;;;;;;;;;;;;;;;;;;;;;;;;
RIV;.;L1;.57;;;;;;;;;;;;;;;;;;;;;;;;;;;;;;;;;;;;;
RIV;.;L1;.58;;;;;;;;;;;;;;;;;;;;;;;;;;;;;;;;;;;;;
RIV;.;L1;.59;;;;;;;;;;;;;;;;;;;;;;;;;;;;;;;;;;;;;
RIV;.;L1;.60;;;;;;;;;;;;;;;;;;;;;;;;;;;;;;;;;;;;;
RIV;.;L1;.61;;;;;;;;;;;;;;;;;;;;;;;;;;;;;;;;;;;;;
RIV;.;L1;.62;;;;;;;;;;;;;;;;;;;;;;;;;;;;;;;;;;;;;
RIV;.;L1;.63;;;;;;;;;;;;;;;;;;;;;;;;;;;;;;;;;;;;;
RIV;.;L1;.64;;;;;;;;;;;;;;;;;;;;;;;;;;;;;;;;;;;;;
RIV;.;L1;.65;;;;;;;;;;;;;;;;;;;;;;;;;;;;;;;;;;;;;
RIV;.;L1;.66;;;;;;;;;;;;;;;;;;;;;;;;;;;;;;;;;;;;;
RIV;.;L1;.67;;;;;;;;;;;;;;;;;;;;;;;;;;;;;;;;;;;;;
RIV;.;L1;.68;;;;;;;;;;;;;;;;;;;;;;;;;;;;;;;;;;;;;
RIV;.;L1;.69;;;;;;;;;;;;;;;;;;;;;;;;;;;;;;;;;;;;;
RIV;.;L1;.70;;;;;;;;;;;;;;;;;;;;;;;;;;;;;;;;;;;;;
RIV;.;L1;.71;;;;;;;;;;;;;;;;;;;;;;;;;;;;;;;;;;;;;
RIV;.;L1;.72;;;;;;;;;;;;;;;;;;;;;;;;;;;;;;;;;;;;;
RIV;.;L1;.73;;;;;;;;;;;;;;;;;;;;;;;;;;;;;;;;;;;;;
RIV;.;L1;.74;;;;;;;;;;;;;;;;;;;;;;;;;;;;;;;;;;;;;
RIV;.;L1;.75;;;;;;;;;;;;;;;;;;;;;;;;;;;;;;;;;;;;;
RIV;.;L1;.76;;;;;;;;;;;;;;;;;;;;;;;;;;;;;;;;;;;;;
RIV;.;L1;.77;;;;;;;;;;;;;;;;;;;;;;;;;;;;;;;;;;;;;
RIV;.;L1;.78;;;;;;;;;;;;;;;;;;;;;;;;;;;;;;;;;;;;;
RIV;.;L1;.79;;;;;;;;;;;;;;;;;;;;;;;;;;;;;;;;;;;;;
RIV;.;L1;.80;;;;;;;;;;;;;;;;;;;;;;;;;;;;;;;;;;;;;
RIV;.;L1;.81;;;;;;;;;;;;;;;;;;;;;;;;;;;;;;;;;;;;;
RIV;.;L1;.82;;;;;;;;;;;;;;;;;;;;;;;;;;;;;;;;;;;;;
RIV;.;L1;.83;;;;;;;;;;;;;;;;;;;;;;;;;;;;;;;;;;;;;
RIV;.;L1;.84;;;;;;;;;;;;;;;;;;;;;;;;;;;;;;;;;;;;;
RIV;.;L1;.85;;;;;;;;;;;;;;;;;;;;;;;;;;;;;;;;;;;;;
RIV;.;L1;.86;;;;;;;;;;;;;;;;;;;;;;;;;;;;;;;;;;;;;
RIV;.;L1;.87;;;;;;;;;;;;;;;;;;;;;;;;;;;;;;;;;;;;;
RIV;.;L1;.88;;;;;;;;;;;;;;;;;;;;;;;;;;;;;;;;;;;;;
RIV;.;L1;.89;;;;;;;;;;;;;;;;;;;;;;;;;;;;;;;;;;;;;
RIV;.;L1;.90;;;;;;;;;;;;;;;;;;;;;;;;;;;;;;;;;;;;;
RIV;.;L1;.91;;;;;;;;;;;;;;;;;;;;;;;;;;;;;;;;;;;;;
RIV;.;L1;.92;;;;;;;;;;;;;;;;;;;;;;;;;;;;;;;;;;;;;
RIV;.;L1;.93;;;;;;;;;;;;;;;;;;;;;;;;;;;;;;;;;;;;;
RIV;.;L1;.94;;;;;;;;;;;;;;;;;;;;;;;;;;;;;;;;;;;;;
RIV;.;L1;.95;;;;;;;;;;;;;;;;;;;;;;;;;;;;;;;;;;;;;
RIV;.;L1;.96;;;;;;;;;;;;;;;;;;;;;;;;;;;;;;;;;;;;;
RIV;.;L1;.97;;;;;;;;;;;;;;;;;;;;;;;;;;;;;;;;;;;;;
RIV;.;L1;.98;;;;;;;;;;;;;;;;;;;;;;;;;;;;;;;;;;;;;
RIV;.;L1;.99;;;;;;;;;;;;;;;;;;;;;;;;;;;;;;;;;;;;;
MODULI LOOP 1;;;;;;;;;;;;;;;;;;;;;;;;;;;;;;;;;;;;;;;;
INDIRIZZO;;;;TIPO;;;INSTALLAZIONE;;;DESCRIZIONE;;;;;ZONA;;;DATA DI INSTALLAZIONE
SOSTITUZIONE O REVISIONE;;;;;;;Esito;;;;;;Note a seguito di verifica;;;;;;;;;
;;;;;;;;;;;;;;;;;;;;;;;;;P;PI;NA;NP;VN;B;;;;;;;;;;
MOD;.;L1;.1;PULSANTE;PULSANTE;PULSANTE;;;;PULSANTE 1 ATRIO;PULSANTE 1 ATRIO;PULSANTE 1 ATRIO;PULSANTE 1 ATRIO;PULSANTE 1 ATRIO;PT;PT;PT;;;;;;;;;;;;;;;;;;;;;;;
MOD;.;L1;.2;PULSANTE ;PULSANTE ;PULSANTE ;;;;PULSANTE 2 ATRIO INGRESSO;PULSANTE 2 ATRIO INGRESSO;PULSANTE 2 ATRIO INGRESSO;PULSANTE 2 ATRIO INGRESSO;PULSANTE 2 ATRIO INGRESSO;PT;PT;PT;;;;;;;;;;;;;;;;;;;;;;;
MOD;.;L1;.3;PULSANTE;PULSANTE;PULSANTE;;;;SBARCO SCALE;SBARCO SCALE;SBARCO SCALE;SBARCO SCALE;SBARCO SCALE;PT;PT;PT;;;;;;;;;;;;;;;;;;;;;;;
MOD;.;L1;.4;M701;M701;M701;;;;TARGHE PIANO TERRA;TARGHE PIANO TERRA;TARGHE PIANO TERRA;TARGHE PIANO TERRA;TARGHE PIANO TERRA;PT;PT;PT;;;;;;;;;;;;;;;;;;;;;;;
MOD;.;L1;.5;M701;M701;M701;;;;MGNETI PIANO TERRA;MGNETI PIANO TERRA;MGNETI PIANO TERRA;MGNETI PIANO TERRA;MGNETI PIANO TERRA;PT;PT;PT;;;;;;;;;;;;;;;;;;;;;;;
MOD;.;L1;.6;PULSANTE;PULSANTE;PULSANTE;;;;RECEPTION;RECEPTION;RECEPTION;RECEPTION;RECEPTION;PT;PT;PT;;;;;;;;;;;;;;;;;;;;;;;
MOD;.;L1;.7;;;;;;;;;;;;;;;;;;;;;;;;;;;;;;;;;;;;;
MOD;.;L1;.8;M701;M701;M701;;;;MAGNETI CORRIDOIO;MAGNETI CORRIDOIO;MAGNETI CORRIDOIO;MAGNETI CORRIDOIO;MAGNETI CORRIDOIO;PINT;PINT;PINT;;;;;;;;;;;;;;;;;;;;;;;
MOD;.;L1;.9;PULSANTE;PULSANTE;PULSANTE;;;;PULSANTE CORRIDOIO SPOGLIATOI;PULSANTE CORRIDOIO SPOGLIATOI;PULSANTE CORRIDOIO SPOGLIATOI;PULSANTE CORRIDOIO SPOGLIATOI;PULSANTE CORRIDOIO SPOGLIATOI;PINT;PINT;PINT;;;;;;;;;;;;;;;;;;;;;;;
MOD;.;L1;.10;M701;M701;M701;;;;TARGA PIANO INTERRATO CORRIDOIO;TARGA PIANO INTERRATO CORRIDOIO;TARGA PIANO INTERRATO CORRIDOIO;TARGA PIANO INTERRATO CORRIDOIO;TARGA PIANO INTERRATO CORRIDOIO;PINT;PINT;PINT;;;;;;;;;;;;;;;;;;;;;;;
MOD;.;L1;.11;PULSANTE;PULSANTE;PULSANTE;;;;PULSANTE CORRIDOIO BOX 1-2;PULSANTE CORRIDOIO BOX 1-2;PULSANTE CORRIDOIO BOX 1-2;PULSANTE CORRIDOIO BOX 1-2;PULSANTE CORRIDOIO BOX 1-2;PINT;PINT;PINT;;;;;;;;;;;;;;;;;;;;;;;
MOD;.;L1;.12;M701;M701;M701;;;;TARGA VANO QUADRI ELETTRICI;TARGA VANO QUADRI ELETTRICI;TARGA VANO QUADRI ELETTRICI;TARGA VANO QUADRI ELETTRICI;TARGA VANO QUADRI ELETTRICI;PINT;PINT;PINT;;;;;;;;;;;;;;;;;;;;;;;
MOD;.;L1;.13;;;;;;;;;;;;;;;;;;;;;;;;;;;;;;;;;;;;;
MOD;.;L1;.14;;;;;;;;;;;;;;;;;;;;;;;;;;;;;;;;;;;;;
MOD;.;L1;.15;CMA 11-E (IN);CMA 11-E (IN);CMA 11-E (IN);;;;GUASTO ALIMENTATORE A1 PIANO INTERRATO E TERRA;GUASTO ALIMENTATORE A1 PIANO INTERRATO E TERRA;GUASTO ALIMENTATORE A1 PIANO INTERRATO E TERRA;GUASTO ALIMENTATORE A1 PIANO INTERRATO E TERRA;GUASTO ALIMENTATORE A1 PIANO INTERRATO E TERRA;PINT;PINT;PINT;;;;;;;;;;;;;;;;;;;;;;;
MOD;.;L1;.16;CMA 11-E (OUT);CMA 11-E (OUT);CMA 11-E (OUT);;;;ARRESTO UTA 1 SERVIZI;ARRESTO UTA 1 SERVIZI;ARRESTO UTA 1 SERVIZI;ARRESTO UTA 1 SERVIZI;ARRESTO UTA 1 SERVIZI;PINT;PINT;PINT;;;;;;;;;;;;;;;;;;;;;;;
MOD;.;L1;.17;;;;;;;;;;;;;;;;;;;;;;;;;;;;;;;;;;;;;
MOD;.;L1;.18;PULSANTE;PULSANTE;PULSANTE;;;;PULSANTE VANO QUADRI ELETTRICI;PULSANTE VANO QUADRI ELETTRICI;PULSANTE VANO QUADRI ELETTRICI;PULSANTE VANO QUADRI ELETTRICI;PULSANTE VANO QUADRI ELETTRICI;PINT;PINT;PINT;;;;;;;;;;;;;;;;;;;;;;;
MOD;.;L1;.19;M701;M701;M701;;;;SERRANDA TAGLIAFUOCO 1;SERRANDA TAGLIAFUOCO 1;SERRANDA TAGLIAFUOCO 1;SERRANDA TAGLIAFUOCO 1;SERRANDA TAGLIAFUOCO 1;PINT;PINT;PINT;;;;;;;;;;;;;;;;;;;;;;;
MOD;.;L1;.20;M701;M701;M701;;;;SERRANDA TAGLIAFUOCO 2;SERRANDA TAGLIAFUOCO 2;SERRANDA TAGLIAFUOCO 2;SERRANDA TAGLIAFUOCO 2;SERRANDA TAGLIAFUOCO 2;PINT;PINT;PINT;;;;;;;;;;;;;;;;;;;;;;;
MOD;.;L1;.21;M701;M701;M701;;;;SERRANDA TAGLIAFUOCO 3;SERRANDA TAGLIAFUOCO 3;SERRANDA TAGLIAFUOCO 3;SERRANDA TAGLIAFUOCO 3;SERRANDA TAGLIAFUOCO 3;PINT;PINT;PINT;;;;;;;;;;;;;;;;;;;;;;;
MOD;.;L1;.22;M701;M701;M701;;;;SERRANDA TAGLIAFUOCO 4;SERRANDA TAGLIAFUOCO 4;SERRANDA TAGLIAFUOCO 4;SERRANDA TAGLIAFUOCO 4;SERRANDA TAGLIAFUOCO 4;PINT;PINT;PINT;;;;;;;;;;;;;;;;;;;;;;;
MOD;.;L1;.23;;;;;;;;;;;;;;;;;;;;;;;;;;;;;;;;;;;;;
MOD;.;L1;.24;;;;;;;;;;;;;;;;;;;;;;;;;;;;;;;;;;;;;
MOD;.;L1;.25;;;;;;;;;;;;;;;;;;;;;;;;;;;;;;;;;;;;;
MOD;.;L1;.26;;;;;;;;;;;;;;;;;;;;;;;;;;;;;;;;;;;;;
MOD;.;L1;.27;;;;;;;;;;;;;;;;;;;;;;;;;;;;;;;;;;;;;
MOD;.;L1;.28;;;;;;;;;;;;;;;;;;;;;;;;;;;;;;;;;;;;;
MOD;.;L1;.29;;;;;;;;;;;;;;;;;;;;;;;;;;;;;;;;;;;;;
MOD;.;L1;.30;;;;;;;;;;;;;;;;;;;;;;;;;;;;;;;;;;;;;
MOD;.;L1;.31;;;;;;;;;;;;;;;;;;;;;;;;;;;;;;;;;;;;;
MOD;.;L1;.32;;;;;;;;;;;;;;;;;;;;;;;;;;;;;;;;;;;;;
MOD;.;L1;.33;;;;;;;;;;;;;;;;;;;;;;;;;;;;;;;;;;;;;
MOD;.;L1;.34;;;;;;;;;;;;;;;;;;;;;;;;;;;;;;;;;;;;;
MOD;.;L1;.35;;;;;;;;;;;;;;;;;;;;;;;;;;;;;;;;;;;;;
MOD;.;L1;.36;;;;;;;;;;;;;;;;;;;;;;;;;;;;;;;;;;;;;
MOD;.;L1;.37;;;;;;;;;;;;;;;;;;;;;;;;;;;;;;;;;;;;;
MOD;.;L1;.38;;;;;;;;;;;;;;;;;;;;;;;;;;;;;;;;;;;;;
MOD;.;L1;.39;;;;;;;;;;;;;;;;;;;;;;;;;;;;;;;;;;;;;
MOD;.;L1;.40;;;;;;;;;;;;;;;;;;;;;;;;;;;;;;;;;;;;;
MOD;.;L1;.41;;;;;;;;;;;;;;;;;;;;;;;;;;;;;;;;;;;;;
MOD;.;L1;.42;;;;;;;;;;;;;;;;;;;;;;;;;;;;;;;;;;;;;
MOD;.;L1;.43;;;;;;;;;;;;;;;;;;;;;;;;;;;;;;;;;;;;;
MOD;.;L1;.44;;;;;;;;;;;;;;;;;;;;;;;;;;;;;;;;;;;;;
MOD;.;L1;.45;;;;;;;;;;;;;;;;;;;;;;;;;;;;;;;;;;;;;
MOD;.;L1;.46;;;;;;;;;;;;;;;;;;;;;;;;;;;;;;;;;;;;;
MOD;.;L1;.47;;;;;;;;;;;;;;;;;;;;;;;;;;;;;;;;;;;;;
MOD;.;L1;.48;;;;;;;;;;;;;;;;;;;;;;;;;;;;;;;;;;;;;
MOD;.;L1;.49;;;;;;;;;;;;;;;;;;;;;;;;;;;;;;;;;;;;;
MOD;.;L1;.50;;;;;;;;;;;;;;;;;;;;;;;;;;;;;;;;;;;;;
MOD;.;L1;.51;;;;;;;;;;;;;;;;;;;;;;;;;;;;;;;;;;;;;
MOD;.;L1;.52;;;;;;;;;;;;;;;;;;;;;;;;;;;;;;;;;;;;;
MOD;.;L1;.53;;;;;;;;;;;;;;;;;;;;;;;;;;;;;;;;;;;;;
MOD;.;L1;.54;;;;;;;;;;;;;;;;;;;;;;;;;;;;;;;;;;;;;
MOD;.;L1;.55;;;;;;;;;;;;;;;;;;;;;;;;;;;;;;;;;;;;;
MOD;.;L1;.56;;;;;;;;;;;;;;;;;;;;;;;;;;;;;;;;;;;;;
MOD;.;L1;.57;;;;;;;;;;;;;;;;;;;;;;;;;;;;;;;;;;;;;
MODULI LOOP 1;;;;;;;;;;;;;;;;;;;;;;;;;;;;;;;;;;;;;;;;
INDIRIZZO;;;;TIPO;;;INSTALLAZIONE;;;DESCRIZIONE;;;;;ZONA;;;DATA DI INSTALLAZIONE
SOSTITUZIONE O REVISIONE;;;;;;;Esito;;;;;;Note a seguito di verifica;;;;;;;;;
;;;;;;;;;;;;;;;;;;;;;;;;;P;PI;NA;NP;VN;B;;;;;;;;;;
MOD;.;L1;.58;;;;;;;;;;;;;;;;;;;;;;;;;;;;;;;;;;;;;
MOD;.;L1;.59;;;;;;;;;;;;;;;;;;;;;;;;;;;;;;;;;;;;;
MOD;.;L1;.60;;;;;;;;;;;;;;;;;;;;;;;;;;;;;;;;;;;;;
MOD;.;L1;.61;;;;;;;;;;;;;;;;;;;;;;;;;;;;;;;;;;;;;
MOD;.;L1;.62;;;;;;;;;;;;;;;;;;;;;;;;;;;;;;;;;;;;;
MOD;.;L1;.63;;;;;;;;;;;;;;;;;;;;;;;;;;;;;;;;;;;;;
MOD;.;L1;.64;;;;;;;;;;;;;;;;;;;;;;;;;;;;;;;;;;;;;
MOD;.;L1;.65;;;;;;;;;;;;;;;;;;;;;;;;;;;;;;;;;;;;;
MOD;.;L1;.66;;;;;;;;;;;;;;;;;;;;;;;;;;;;;;;;;;;;;
MOD;.;L1;.67;;;;;;;;;;;;;;;;;;;;;;;;;;;;;;;;;;;;;
MOD;.;L1;.68;;;;;;;;;;;;;;;;;;;;;;;;;;;;;;;;;;;;;
MOD;.;L1;.69;;;;;;;;;;;;;;;;;;;;;;;;;;;;;;;;;;;;;
MOD;.;L1;.70;;;;;;;;;;;;;;;;;;;;;;;;;;;;;;;;;;;;;
MOD;.;L1;.71;;;;;;;;;;;;;;;;;;;;;;;;;;;;;;;;;;;;;
MOD;.;L1;.72;;;;;;;;;;;;;;;;;;;;;;;;;;;;;;;;;;;;;
MOD;.;L1;.73;;;;;;;;;;;;;;;;;;;;;;;;;;;;;;;;;;;;;
MOD;.;L1;.74;;;;;;;;;;;;;;;;;;;;;;;;;;;;;;;;;;;;;
MOD;.;L1;.75;;;;;;;;;;;;;;;;;;;;;;;;;;;;;;;;;;;;;
MOD;.;L1;.76;;;;;;;;;;;;;;;;;;;;;;;;;;;;;;;;;;;;;
MOD;.;L1;.77;;;;;;;;;;;;;;;;;;;;;;;;;;;;;;;;;;;;;
MOD;.;L1;.78;;;;;;;;;;;;;;;;;;;;;;;;;;;;;;;;;;;;;
MOD;.;L1;.79;;;;;;;;;;;;;;;;;;;;;;;;;;;;;;;;;;;;;
MOD;.;L1;.80;;;;;;;;;;;;;;;;;;;;;;;;;;;;;;;;;;;;;
MOD;.;L1;.81;;;;;;;;;;;;;;;;;;;;;;;;;;;;;;;;;;;;;
MOD;.;L1;.82;;;;;;;;;;;;;;;;;;;;;;;;;;;;;;;;;;;;;
MOD;.;L1;.83;;;;;;;;;;;;;;;;;;;;;;;;;;;;;;;;;;;;;
MOD;.;L1;.84;;;;;;;;;;;;;;;;;;;;;;;;;;;;;;;;;;;;;
MOD;.;L1;.85;;;;;;;;;;;;;;;;;;;;;;;;;;;;;;;;;;;;;
MOD;.;L1;.86;;;;;;;;;;;;;;;;;;;;;;;;;;;;;;;;;;;;;
MOD;.;L1;.87;;;;;;;;;;;;;;;;;;;;;;;;;;;;;;;;;;;;;
MOD;.;L1;.88;;;;;;;;;;;;;;;;;;;;;;;;;;;;;;;;;;;;;
MOD;.;L1;.89;;;;;;;;;;;;;;;;;;;;;;;;;;;;;;;;;;;;;
MOD;.;L1;.90;;;;;;;;;;;;;;;;;;;;;;;;;;;;;;;;;;;;;
MOD;.;L1;.91;;;;;;;;;;;;;;;;;;;;;;;;;;;;;;;;;;;;;
MOD;.;L1;.92;;;;;;;;;;;;;;;;;;;;;;;;;;;;;;;;;;;;;
MOD;.;L1;.93;;;;;;;;;;;;;;;;;;;;;;;;;;;;;;;;;;;;;
MOD;.;L1;.94;;;;;;;;;;;;;;;;;;;;;;;;;;;;;;;;;;;;;
MOD;.;L1;.95;;;;;;;;;;;;;;;;;;;;;;;;;;;;;;;;;;;;;
MOD;.;L1;.96;;;;;;;;;;;;;;;;;;;;;;;;;;;;;;;;;;;;;
MOD;.;L1;.97;;;;;;;;;;;;;;;;;;;;;;;;;;;;;;;;;;;;;
MOD;.;L1;.98;;;;;;;;;;;;;;;;;;;;;;;;;;;;;;;;;;;;;
MOD;.;L1;.99;;;;;;;;;;;;;;;;;;;;;;;;;;;;;;;;;;;;;
Legenda: Nella colonna esito spuntare:  P = Positivo| PI =Positivo previo intervento | NA =Intervento rimandato a sessione successiva | NP =Componente non presente | VN = Vedere nota B = Gli interventi saranno eseguiti dal costruttore e/o dal centro assistenza | Numerare le Note e descriverle nell'apposito riquadro;;;;;;;;;;;;;;;;;;;;;;;;;;;;;;;;;;;;;;;;
;;;;;;;;;;;;;;;;;;;;;;;;;;;;;;;;;;;;;;;;
;;;;;;;;;;;;;;;;;;;;;;;;;;;;;;;;;;;;;;;;
;;;;;;;;;;;;;;;;;;;;;;;;;;;;;;;;;;;;;;;;
;;;;;;;;;;;;;;;;;;;;;;;;;;;;;;;;;;;;;;;;
;;;;;;;;;;;;;;;;;;;;;;;;;;;;;;;;;;;;;;;;
;;;;;;;;;;;;;;;;;;;;;;;;;;;;;;;;;;;;;;;;
;;;;;;;;;;;;;;;;;;;;;;;;;;;;;;;;;;;;;;;;
;;;;;;;;;;;;;;;;;;;;;;;;;;;;;;;;;;;;;;;;
;;;;;;;;;;;;;;;;;;;;;;;;;;;;;;;;;;;;;;;;
;;;;;;;;;;;;;;;;;;;;;;;;;;;;;;;;;;;;;;;;
RIVELATORI LOOP 2;;;;;;;;;;;;;;;;;;;;;;;;;;;;;;;;;;;;;;;;
INDIRIZZO;;;;TIPO;;;INSTALLAZIONE;;;DESCRIZIONE;;;;;ZONA;;;DATA DI INSTALLAZIONE
SOSTITUZIONE O REVISIONE;;;;;;;Esito;;;;;;Note a seguito di verifica;;;;;;;;;
;;;;;;;;;;;;;;;;;;;;;;;;;P;PI;NA;NP;VN;B;;;;;;;;;;
RIV;.;L2;.1;FUMO;FUMO;FUMO;;;;VANO TECNICO 1 UTA;VANO TECNICO 1 UTA;VANO TECNICO 1 UTA;VANO TECNICO 1 UTA;VANO TECNICO 1 UTA;P2;P2;P2;;;;;;;;;;;;;;;;;;;;;;;
RIV;.;L2;.2;FUMO;FUMO;FUMO;;;;SALA GRUPPI;SALA GRUPPI;SALA GRUPPI;SALA GRUPPI;SALA GRUPPI;P2;P2;P2;;;;;;;;;;;;;;;;;;;;;;;
RIV;.;L2;.3;FUMO;FUMO;FUMO;;;;VANO TECNICO 2 UTA;VANO TECNICO 2 UTA;VANO TECNICO 2 UTA;VANO TECNICO 2 UTA;VANO TECNICO 2 UTA;P2;P2;P2;;;;;;;;;;;;;;;;;;;;;;;
RIV;.;L2;.4;FUMO;FUMO;FUMO;;;;PALESTRA;PALESTRA;PALESTRA;PALESTRA;PALESTRA;P2;P2;P2;;;;;;;;;;;;;;;;;;;;;;;
RIV;.;L2;.5;FUMO;FUMO;FUMO;CONTROSOFFITTO;CONTROSOFFITTO;CONTROSOFFITTO;PALESTRA;PALESTRA;PALESTRA;PALESTRA;PALESTRA;P2;P2;P2;;;;;;;;;;;;;;;;;;;;;;;
RIV;.;L2;.6;FUMO;FUMO;FUMO;;;;VANO TECNICO 3 ESTRATTORE;VANO TECNICO 3 ESTRATTORE;VANO TECNICO 3 ESTRATTORE;VANO TECNICO 3 ESTRATTORE;VANO TECNICO 3 ESTRATTORE;P2;P2;P2;;;;;;;;;;;;;;;;;;;;;;;
RIV;.;L2;.7;FUMO;FUMO;FUMO;;;;SPOGLIATOIO UOMINI;SPOGLIATOIO UOMINI;SPOGLIATOIO UOMINI;SPOGLIATOIO UOMINI;SPOGLIATOIO UOMINI;P2;P2;P2;;;;;;;;;;;;;;;;;;;;;;;
RIV;.;L2;.8;FUMO;FUMO;FUMO;CONTROSOFFITTO;CONTROSOFFITTO;CONTROSOFFITTO;SPOGLIATOIO UOMINI;SPOGLIATOIO UOMINI;SPOGLIATOIO UOMINI;SPOGLIATOIO UOMINI;SPOGLIATOIO UOMINI;P2;P2;P2;;;;;;;;;;;;;;;;;;;;;;;
RIV;.;L2;.9;FUMO;FUMO;FUMO;;;;SPOGLIATOIO DONNE;SPOGLIATOIO DONNE;SPOGLIATOIO DONNE;SPOGLIATOIO DONNE;SPOGLIATOIO DONNE;P2;P2;P2;;;;;;;;;;;;;;;;;;;;;;;
RIV;.;L2;.10;FUMO;FUMO;FUMO;;;;CORRIDOIO ;CORRIDOIO ;CORRIDOIO ;CORRIDOIO ;CORRIDOIO ;P1;P1;P1;;;;;;;;;;;;;;;;;;;;;;;
RIV;.;L2;.11;FUMO;FUMO;FUMO;CONTROSOFFITTO;CONTROSOFFITTO;CONTROSOFFITTO;CORRIDOIO ;CORRIDOIO ;CORRIDOIO ;CORRIDOIO ;CORRIDOIO ;P1;P1;P1;;;;;;;;;;;;;;;;;;;;;;;
RIV;.;L2;.12;FUMO;FUMO;FUMO;;;;CONDOTTA MANDATA ARIA;CONDOTTA MANDATA ARIA;CONDOTTA MANDATA ARIA;CONDOTTA MANDATA ARIA;CONDOTTA MANDATA ARIA;P2;P2;P2;;;;;;;;;;;;;;;;;;;;;;;
RIV;.;L2;.13;FUMO;FUMO;FUMO;;;;CONTDOTTA RIPRESA ARIA;CONTDOTTA RIPRESA ARIA;CONTDOTTA RIPRESA ARIA;CONTDOTTA RIPRESA ARIA;CONTDOTTA RIPRESA ARIA;P2;P2;P2;;;;;;;;;;;;;;;;;;;;;;;
RIV;.;L2;.14;FUMO;FUMO;FUMO;;;;CONDOTTA ARIA ESTRATTORE;CONDOTTA ARIA ESTRATTORE;CONDOTTA ARIA ESTRATTORE;CONDOTTA ARIA ESTRATTORE;CONDOTTA ARIA ESTRATTORE;P2;P2;P2;;;;;;;;;;;;;;;;;;;;;;;
RIV;.;L2;.15;FUMO;FUMO;FUMO;;;;CONDOTTA ARIA ESTRATTORE;CONDOTTA ARIA ESTRATTORE;CONDOTTA ARIA ESTRATTORE;CONDOTTA ARIA ESTRATTORE;CONDOTTA ARIA ESTRATTORE;P2;P2;P2;;;;;;;;;;;;;;;;;;;;;;;
RIV;.;L2;.16;FUMO;FUMO;FUMO;;;;SBARCO ASCENSORE;SBARCO ASCENSORE;SBARCO ASCENSORE;SBARCO ASCENSORE;SBARCO ASCENSORE;P1;P1;P1;;;;;;;;;;;;;;;;;;;;;;;
RIV;.;L2;.17;FUMO;FUMO;FUMO;;;;BOX 10;BOX 10;BOX 10;BOX 10;BOX 10;P1;P1;P1;;;;;;;;;;;;;;;;;;;;;;;
RIV;.;L2;.18;FUMO;FUMO;FUMO;;;;BOX 8/9;BOX 8/9;BOX 8/9;BOX 8/9;BOX 8/9;P1;P1;P1;;;;;;;;;;;;;;;;;;;;;;;
RIV;.;L2;.19;FUMO;FUMO;FUMO;;;;SBARCO ASCENSORE;SBARCO ASCENSORE;SBARCO ASCENSORE;SBARCO ASCENSORE;SBARCO ASCENSORE;P2;P2;P2;;;;;;;;;;;;;;;;;;;;;;;
RIV;.;L2;.20;;;;;;;;;;;;;;;;;;;;;;;;;;;;;;;;;;;;;
RIV;.;L2;.21;;;;;;;;;;;;;;;;;;;;;;;;;;;;;;;;;;;;;
RIV;.;L2;.22;;;;;;;;;;;;;;;;;;;;;;;;;;;;;;;;;;;;;
RIV;.;L2;.23;;;;;;;;;;;;;;;;;;;;;;;;;;;;;;;;;;;;;
RIV;.;L2;.24;;;;;;;;;;;;;;;;;;;;;;;;;;;;;;;;;;;;;
RIV;.;L2;.25;;;;;;;;;;;;;;;;;;;;;;;;;;;;;;;;;;;;;
RIV;.;L2;.26;;;;;;;;;;;;;;;;;;;;;;;;;;;;;;;;;;;;;
RIV;.;L2;.27;;;;;;;;;;;;;;;;;;;;;;;;;;;;;;;;;;;;;
RIV;.;L2;.28;;;;;;;;;;;;;;;;;;;;;;;;;;;;;;;;;;;;;
RIV;.;L2;.29;;;;;;;;;;;;;;;;;;;;;;;;;;;;;;;;;;;;;
RIV;.;L2;.30;;;;;;;;;;;;;;;;;;;;;;;;;;;;;;;;;;;;;
RIV;.;L2;.31;;;;;;;;;;;;;;;;;;;;;;;;;;;;;;;;;;;;;
RIV;.;L2;.32;;;;;;;;;;;;;;;;;;;;;;;;;;;;;;;;;;;;;
RIV;.;L2;.33;;;;;;;;;;;;;;;;;;;;;;;;;;;;;;;;;;;;;
RIV;.;L2;.34;;;;;;;;;;;;;;;;;;;;;;;;;;;;;;;;;;;;;
RIV;.;L2;.35;;;;;;;;;;;;;;;;;;;;;;;;;;;;;;;;;;;;;
RIV;.;L2;.36;;;;;;;;;;;;;;;;;;;;;;;;;;;;;;;;;;;;;
RIV;.;L2;.37;;;;;;;;;;;;;;;;;;;;;;;;;;;;;;;;;;;;;
RIV;.;L2;.38;;;;;;;;;;;;;;;;;;;;;;;;;;;;;;;;;;;;;
RIV;.;L2;.39;;;;;;;;;;;;;;;;;;;;;;;;;;;;;;;;;;;;;
RIV;.;L2;.40;;;;;;;;;;;;;;;;;;;;;;;;;;;;;;;;;;;;;
RIV;.;L2;.41;;;;;;;;;;;;;;;;;;;;;;;;;;;;;;;;;;;;;
RIV;.;L2;.42;;;;;;;;;;;;;;;;;;;;;;;;;;;;;;;;;;;;;
RIV;.;L2;.43;;;;;;;;;;;;;;;;;;;;;;;;;;;;;;;;;;;;;
RIV;.;L2;.44;;;;;;;;;;;;;;;;;;;;;;;;;;;;;;;;;;;;;
RIV;.;L2;.45;;;;;;;;;;;;;;;;;;;;;;;;;;;;;;;;;;;;;
RIV;.;L2;.46;;;;;;;;;;;;;;;;;;;;;;;;;;;;;;;;;;;;;
RIV;.;L2;.47;;;;;;;;;;;;;;;;;;;;;;;;;;;;;;;;;;;;;
RIV;.;L2;.48;;;;;;;;;;;;;;;;;;;;;;;;;;;;;;;;;;;;;
RIV;.;L2;.49;;;;;;;;;;;;;;;;;;;;;;;;;;;;;;;;;;;;;
RIV;.;L2;.50;;;;;;;;;;;;;;;;;;;;;;;;;;;;;;;;;;;;;
RIV;.;L2;.51;;;;;;;;;;;;;;;;;;;;;;;;;;;;;;;;;;;;;
RIV;.;L2;.52;;;;;;;;;;;;;;;;;;;;;;;;;;;;;;;;;;;;;
RIV;.;L2;.53;;;;;;;;;;;;;;;;;;;;;;;;;;;;;;;;;;;;;
RIV;.;L2;.54;;;;;;;;;;;;;;;;;;;;;;;;;;;;;;;;;;;;;
RIV;.;L2;.55;;;;;;;;;;;;;;;;;;;;;;;;;;;;;;;;;;;;;
RIV;.;L2;.56;;;;;;;;;;;;;;;;;;;;;;;;;;;;;;;;;;;;;
RIV;.;L2;.57;;;;;;;;;;;;;;;;;;;;;;;;;;;;;;;;;;;;;
RIVELATORI LOOP 2;;;;;;;;;;;;;;;;;;;;;;;;;;;;;;;;;;;;;;;;
INDIRIZZO;;;;TIPO;;;INSTALLAZIONE;;;DESCRIZIONE;;;;;ZONA;;;DATA DI INSTALLAZIONE
SOSTITUZIONE O REVISIONE;;;;;;;Esito;;;;;;Note a seguito di verifica;;;;;;;;;
;;;;;;;;;;;;;;;;;;;;;;;;;P;PI;NA;NP;VN;B;;;;;;;;;;
RIV;.;L2;.58;;;;;;;;;;;;;;;;;;;;;;;;;;;;;;;;;;;;;
RIV;.;L2;.59;;;;;;;;;;;;;;;;;;;;;;;;;;;;;;;;;;;;;
RIV;.;L2;.60;;;;;;;;;;;;;;;;;;;;;;;;;;;;;;;;;;;;;
RIV;.;L2;.61;;;;;;;;;;;;;;;;;;;;;;;;;;;;;;;;;;;;;
RIV;.;L2;.62;;;;;;;;;;;;;;;;;;;;;;;;;;;;;;;;;;;;;
RIV;.;L2;.63;;;;;;;;;;;;;;;;;;;;;;;;;;;;;;;;;;;;;
RIV;.;L2;.64;;;;;;;;;;;;;;;;;;;;;;;;;;;;;;;;;;;;;
RIV;.;L2;.65;;;;;;;;;;;;;;;;;;;;;;;;;;;;;;;;;;;;;
RIV;.;L2;.66;;;;;;;;;;;;;;;;;;;;;;;;;;;;;;;;;;;;;
RIV;.;L2;.67;;;;;;;;;;;;;;;;;;;;;;;;;;;;;;;;;;;;;
RIV;.;L2;.68;;;;;;;;;;;;;;;;;;;;;;;;;;;;;;;;;;;;;
RIV;.;L2;.69;;;;;;;;;;;;;;;;;;;;;;;;;;;;;;;;;;;;;
RIV;.;L2;.70;;;;;;;;;;;;;;;;;;;;;;;;;;;;;;;;;;;;;
RIV;.;L2;.71;;;;;;;;;;;;;;;;;;;;;;;;;;;;;;;;;;;;;
RIV;.;L2;.72;;;;;;;;;;;;;;;;;;;;;;;;;;;;;;;;;;;;;
RIV;.;L2;.73;;;;;;;;;;;;;;;;;;;;;;;;;;;;;;;;;;;;;
RIV;.;L2;.74;;;;;;;;;;;;;;;;;;;;;;;;;;;;;;;;;;;;;
RIV;.;L2;.75;;;;;;;;;;;;;;;;;;;;;;;;;;;;;;;;;;;;;
RIV;.;L2;.76;;;;;;;;;;;;;;;;;;;;;;;;;;;;;;;;;;;;;
RIV;.;L2;.77;;;;;;;;;;;;;;;;;;;;;;;;;;;;;;;;;;;;;
RIV;.;L2;.78;;;;;;;;;;;;;;;;;;;;;;;;;;;;;;;;;;;;;
RIV;.;L2;.79;;;;;;;;;;;;;;;;;;;;;;;;;;;;;;;;;;;;;
RIV;.;L2;.80;;;;;;;;;;;;;;;;;;;;;;;;;;;;;;;;;;;;;
RIV;.;L2;.81;;;;;;;;;;;;;;;;;;;;;;;;;;;;;;;;;;;;;
RIV;.;L2;.82;;;;;;;;;;;;;;;;;;;;;;;;;;;;;;;;;;;;;
RIV;.;L2;.83;;;;;;;;;;;;;;;;;;;;;;;;;;;;;;;;;;;;;
RIV;.;L2;.84;;;;;;;;;;;;;;;;;;;;;;;;;;;;;;;;;;;;;
RIV;.;L2;.85;;;;;;;;;;;;;;;;;;;;;;;;;;;;;;;;;;;;;
RIV;.;L2;.86;;;;;;;;;;;;;;;;;;;;;;;;;;;;;;;;;;;;;
RIV;.;L2;.87;;;;;;;;;;;;;;;;;;;;;;;;;;;;;;;;;;;;;
RIV;.;L2;.88;;;;;;;;;;;;;;;;;;;;;;;;;;;;;;;;;;;;;
RIV;.;L2;.89;;;;;;;;;;;;;;;;;;;;;;;;;;;;;;;;;;;;;
RIV;.;L2;.90;;;;;;;;;;;;;;;;;;;;;;;;;;;;;;;;;;;;;
RIV;.;L2;.91;;;;;;;;;;;;;;;;;;;;;;;;;;;;;;;;;;;;;
RIV;.;L2;.92;;;;;;;;;;;;;;;;;;;;;;;;;;;;;;;;;;;;;
RIV;.;L2;.93;;;;;;;;;;;;;;;;;;;;;;;;;;;;;;;;;;;;;
RIV;.;L2;.94;;;;;;;;;;;;;;;;;;;;;;;;;;;;;;;;;;;;;
RIV;.;L2;.95;;;;;;;;;;;;;;;;;;;;;;;;;;;;;;;;;;;;;
RIV;.;L2;.96;;;;;;;;;;;;;;;;;;;;;;;;;;;;;;;;;;;;;
RIV;.;L2;.97;;;;;;;;;;;;;;;;;;;;;;;;;;;;;;;;;;;;;
RIV;.;L2;.98;;;;;;;;;;;;;;;;;;;;;;;;;;;;;;;;;;;;;
RIV;.;L2;.99;;;;;;;;;;;;;;;;;;;;;;;;;;;;;;;;;;;;;
MODULI LOOP 2;;;;;;;;;;;;;;;;;;;;;;;;;;;;;;;;;;;;;;;;
INDIRIZZO;;;;TIPO;;;INSTALLAZIONE;;;DESCRIZIONE;;;;;ZONA;;;DATA DI INSTALLAZIONE
SOSTITUZIONE O REVISIONE;;;;;;;Esito;;;;;;Note a seguito di verifica;;;;;;;;;
;;;;;;;;;;;;;;;;;;;;;;;;;P;PI;NA;NP;VN;B;;;;;;;;;;
MOD;.;L2;.1;M701;M701;M701;;;;TARGHE PIANO SECONDO;TARGHE PIANO SECONDO;TARGHE PIANO SECONDO;TARGHE PIANO SECONDO;TARGHE PIANO SECONDO;P2;P2;P2;;;;;;;;;;;;;;;;;;;;;;;
MOD;.;L2;.2;M701;M701;M701;;;;MAGNETI PALESTRA;MAGNETI PALESTRA;MAGNETI PALESTRA;MAGNETI PALESTRA;MAGNETI PALESTRA;P2;P2;P2;;;;;;;;;;;;;;;;;;;;;;;
MOD;.;L2;.3;PULSANTE;PULSANTE;PULSANTE;;;;PULSANTE SCALE PIANO SECONDO;PULSANTE SCALE PIANO SECONDO;PULSANTE SCALE PIANO SECONDO;PULSANTE SCALE PIANO SECONDO;PULSANTE SCALE PIANO SECONDO;P2;P2;P2;;;;;;;;;;;;;;;;;;;;;;;
MOD;.;L2;.4;PULSANTE;PULSANTE;PULSANTE;;;;PULSANTE PALESTRA;PULSANTE PALESTRA;PULSANTE PALESTRA;PULSANTE PALESTRA;PULSANTE PALESTRA;P2;P2;P2;;;;;;;;;;;;;;;;;;;;;;;
MOD;.;L2;.5;M701;M701;M701;;;;ARRESTO UTA;ARRESTO UTA;ARRESTO UTA;ARRESTO UTA;ARRESTO UTA;P2;P2;P2;;;;;;;;;;;;;;;;;;;;;;;
MOD;.;L2;.6;M701;M701;M701;;;;COMANDO EVACUATORE DI FUMO SCALE;COMANDO EVACUATORE DI FUMO SCALE;COMANDO EVACUATORE DI FUMO SCALE;COMANDO EVACUATORE DI FUMO SCALE;COMANDO EVACUATORE DI FUMO SCALE;P2;P2;P2;;;;;;;;;;;;;;;;;;;;;;;
MOD;.;L2;.7;PULSANTE;PULSANTE;PULSANTE;;;;PULSANTE 1 CORRIDOIO;PULSANTE 1 CORRIDOIO;PULSANTE 1 CORRIDOIO;PULSANTE 1 CORRIDOIO;PULSANTE 1 CORRIDOIO;P1;P1;P1;;;;;;;;;;;;;;;;;;;;;;;
MOD;.;L2;.8;PULSANTE;PULSANTE;PULSANTE;;;;PULSANTE 2 CORRIDOIO;PULSANTE 2 CORRIDOIO;PULSANTE 2 CORRIDOIO;PULSANTE 2 CORRIDOIO;PULSANTE 2 CORRIDOIO;P1;P1;P1;;;;;;;;;;;;;;;;;;;;;;;
MOD;.;L2;.9;M701;M701;M701;;;;TARGHE CORRIDOI;TARGHE CORRIDOI;TARGHE CORRIDOI;TARGHE CORRIDOI;TARGHE CORRIDOI;P1;P1;P1;;;;;;;;;;;;;;;;;;;;;;;
MOD;.;L2;.10;M701;M701;M701;;;;TARGA SCALE;TARGA SCALE;TARGA SCALE;TARGA SCALE;TARGA SCALE;P1;P1;P1;;;;;;;;;;;;;;;;;;;;;;;
MOD;.;L2;.11;M701;M701;M701;;;;MAGNETI CORRIDOIO;MAGNETI CORRIDOIO;MAGNETI CORRIDOIO;MAGNETI CORRIDOIO;MAGNETI CORRIDOIO;P1;P1;P1;;;;;;;;;;;;;;;;;;;;;;;
MOD;.;L2;.12;PULSANTE;PULSANTE;PULSANTE;;;;PULSANTE SCALE PIANO PRIMO;PULSANTE SCALE PIANO PRIMO;PULSANTE SCALE PIANO PRIMO;PULSANTE SCALE PIANO PRIMO;PULSANTE SCALE PIANO PRIMO;P1;P1;P1;;;;;;;;;;;;;;;;;;;;;;;
MOD;.;L2;.13;PULSANTE;PULSANTE;PULSANTE;;;;PULSANTE AMBULATORI BOX 8-9-10;PULSANTE AMBULATORI BOX 8-9-10;PULSANTE AMBULATORI BOX 8-9-10;PULSANTE AMBULATORI BOX 8-9-10;PULSANTE AMBULATORI BOX 8-9-10;P1;P1;P1;;;;;;;;;;;;;;;;;;;;;;;
MOD;.;L2;.14;CMA11-E;CMA11-E;CMA11-E;;;;GUASTO ALIMENTATORE A2 P1-P2;GUASTO ALIMENTATORE A2 P1-P2;GUASTO ALIMENTATORE A2 P1-P2;GUASTO ALIMENTATORE A2 P1-P2;GUASTO ALIMENTATORE A2 P1-P2;PINT;PINT;PINT;;;;;;;;;;;;;;;;;;;;;;;
MOD;.;L2;.15;CMA11-E;CMA11-E;CMA11-E;;;;ARRESTO UTA 2 PISCINA;ARRESTO UTA 2 PISCINA;ARRESTO UTA 2 PISCINA;ARRESTO UTA 2 PISCINA;ARRESTO UTA 2 PISCINA;PINT;PINT;PINT;;;;;;;;;;;;;;;;;;;;;;;
MOD;.;L2;.16;M701;M701;M701;;;;ARRESTO MACCHINA VRV;ARRESTO MACCHINA VRV;ARRESTO MACCHINA VRV;ARRESTO MACCHINA VRV;ARRESTO MACCHINA VRV;P2;P2;P2;;;;;;;;;;;;;;;;;;;;;;;
MOD;.;L2;.17;M710;M710;M710;;;;GUASTO EVACUATORE FUMO;GUASTO EVACUATORE FUMO;GUASTO EVACUATORE FUMO;GUASTO EVACUATORE FUMO;GUASTO EVACUATORE FUMO;P2;P2;P2;;;;;;;;;;;;;;;;;;;;;;;
MOD;.;L2;.18;M701;M701;M701;;;;COMANDO COMBINATORE TELEFONICO;COMANDO COMBINATORE TELEFONICO;COMANDO COMBINATORE TELEFONICO;COMANDO COMBINATORE TELEFONICO;COMANDO COMBINATORE TELEFONICO;P2;P2;P2;;;;;;;;;;;;;;;;;;;;;;;
MOD;.;L2;.19;;;;;;;;;;;;;;;;;;;;;;;;;;;;;;;;;;;;;
MOD;.;L2;.20;;;;;;;;;;;;;;;;;;;;;;;;;;;;;;;;;;;;;
MOD;.;L2;.21;;;;;;;;;;;;;;;;;;;;;;;;;;;;;;;;;;;;;
MOD;.;L2;.22;;;;;;;;;;;;;;;;;;;;;;;;;;;;;;;;;;;;;
MOD;.;L2;.23;;;;;;;;;;;;;;;;;;;;;;;;;;;;;;;;;;;;;
MOD;.;L2;.24;;;;;;;;;;;;;;;;;;;;;;;;;;;;;;;;;;;;;
MOD;.;L2;.25;;;;;;;;;;;;;;;;;;;;;;;;;;;;;;;;;;;;;
MOD;.;L2;.26;;;;;;;;;;;;;;;;;;;;;;;;;;;;;;;;;;;;;
MOD;.;L2;.27;;;;;;;;;;;;;;;;;;;;;;;;;;;;;;;;;;;;;
MOD;.;L2;.28;;;;;;;;;;;;;;;;;;;;;;;;;;;;;;;;;;;;;
MOD;.;L2;.29;;;;;;;;;;;;;;;;;;;;;;;;;;;;;;;;;;;;;
MOD;.;L2;.30;;;;;;;;;;;;;;;;;;;;;;;;;;;;;;;;;;;;;
MOD;.;L2;.31;;;;;;;;;;;;;;;;;;;;;;;;;;;;;;;;;;;;;
MOD;.;L2;.32;;;;;;;;;;;;;;;;;;;;;;;;;;;;;;;;;;;;;
MOD;.;L2;.33;;;;;;;;;;;;;;;;;;;;;;;;;;;;;;;;;;;;;
MOD;.;L2;.34;;;;;;;;;;;;;;;;;;;;;;;;;;;;;;;;;;;;;
MOD;.;L2;.35;;;;;;;;;;;;;;;;;;;;;;;;;;;;;;;;;;;;;
MOD;.;L2;.36;;;;;;;;;;;;;;;;;;;;;;;;;;;;;;;;;;;;;
MOD;.;L2;.37;;;;;;;;;;;;;;;;;;;;;;;;;;;;;;;;;;;;;
MOD;.;L2;.38;;;;;;;;;;;;;;;;;;;;;;;;;;;;;;;;;;;;;
MOD;.;L2;.39;;;;;;;;;;;;;;;;;;;;;;;;;;;;;;;;;;;;;
MOD;.;L2;.40;;;;;;;;;;;;;;;;;;;;;;;;;;;;;;;;;;;;;
MOD;.;L2;.41;;;;;;;;;;;;;;;;;;;;;;;;;;;;;;;;;;;;;
MOD;.;L2;.42;;;;;;;;;;;;;;;;;;;;;;;;;;;;;;;;;;;;;
MOD;.;L2;.43;;;;;;;;;;;;;;;;;;;;;;;;;;;;;;;;;;;;;
MOD;.;L2;.44;;;;;;;;;;;;;;;;;;;;;;;;;;;;;;;;;;;;;
MOD;.;L2;.45;;;;;;;;;;;;;;;;;;;;;;;;;;;;;;;;;;;;;
MOD;.;L2;.46;;;;;;;;;;;;;;;;;;;;;;;;;;;;;;;;;;;;;
MOD;.;L2;.47;;;;;;;;;;;;;;;;;;;;;;;;;;;;;;;;;;;;;
MOD;.;L2;.48;;;;;;;;;;;;;;;;;;;;;;;;;;;;;;;;;;;;;
MOD;.;L2;.49;;;;;;;;;;;;;;;;;;;;;;;;;;;;;;;;;;;;;
MOD;.;L2;.50;;;;;;;;;;;;;;;;;;;;;;;;;;;;;;;;;;;;;
MOD;.;L2;.51;;;;;;;;;;;;;;;;;;;;;;;;;;;;;;;;;;;;;
MOD;.;L2;.52;;;;;;;;;;;;;;;;;;;;;;;;;;;;;;;;;;;;;
MOD;.;L2;.53;;;;;;;;;;;;;;;;;;;;;;;;;;;;;;;;;;;;;
MOD;.;L2;.54;;;;;;;;;;;;;;;;;;;;;;;;;;;;;;;;;;;;;
MOD;.;L2;.55;;;;;;;;;;;;;;;;;;;;;;;;;;;;;;;;;;;;;
MOD;.;L2;.56;;;;;;;;;;;;;;;;;;;;;;;;;;;;;;;;;;;;;
MOD;.;L2;.57;;;;;;;;;;;;;;;;;;;;;;;;;;;;;;;;;;;;;
MODULI LOOP 2;;;;;;;;;;;;;;;;;;;;;;;;;;;;;;;;;;;;;;;;
INDIRIZZO;;;;TIPO;;;INSTALLAZIONE;;;DESCRIZIONE;;;;;ZONA;;;DATA DI INSTALLAZIONE
SOSTITUZIONE O REVISIONE;;;;;;;Esito;;;;;;Note a seguito di verifica;;;;;;;;;
;;;;;;;;;;;;;;;;;;;;;;;;;P;PI;NA;NP;VN;B;;;;;;;;;;
MOD;.;L2;.58;;;;;;;;;;;;;;;;;;;;;;;;;;;;;;;;;;;;;
MOD;.;L2;.59;;;;;;;;;;;;;;;;;;;;;;;;;;;;;;;;;;;;;
MOD;.;L2;.60;;;;;;;;;;;;;;;;;;;;;;;;;;;;;;;;;;;;;
MOD;.;L2;.61;;;;;;;;;;;;;;;;;;;;;;;;;;;;;;;;;;;;;
MOD;.;L2;.62;;;;;;;;;;;;;;;;;;;;;;;;;;;;;;;;;;;;;
MOD;.;L2;.63;;;;;;;;;;;;;;;;;;;;;;;;;;;;;;;;;;;;;
MOD;.;L2;.64;;;;;;;;;;;;;;;;;;;;;;;;;;;;;;;;;;;;;
MOD;.;L2;.65;;;;;;;;;;;;;;;;;;;;;;;;;;;;;;;;;;;;;
MOD;.;L2;.66;;;;;;;;;;;;;;;;;;;;;;;;;;;;;;;;;;;;;
MOD;.;L2;.67;;;;;;;;;;;;;;;;;;;;;;;;;;;;;;;;;;;;;
MOD;.;L2;.68;;;;;;;;;;;;;;;;;;;;;;;;;;;;;;;;;;;;;
MOD;.;L2;.69;;;;;;;;;;;;;;;;;;;;;;;;;;;;;;;;;;;;;
MOD;.;L2;.70;;;;;;;;;;;;;;;;;;;;;;;;;;;;;;;;;;;;;
MOD;.;L2;.71;;;;;;;;;;;;;;;;;;;;;;;;;;;;;;;;;;;;;
MOD;.;L2;.72;;;;;;;;;;;;;;;;;;;;;;;;;;;;;;;;;;;;;
MOD;.;L2;.73;;;;;;;;;;;;;;;;;;;;;;;;;;;;;;;;;;;;;
MOD;.;L2;.74;;;;;;;;;;;;;;;;;;;;;;;;;;;;;;;;;;;;;
MOD;.;L2;.75;;;;;;;;;;;;;;;;;;;;;;;;;;;;;;;;;;;;;
MOD;.;L2;.76;;;;;;;;;;;;;;;;;;;;;;;;;;;;;;;;;;;;;
MOD;.;L2;.77;;;;;;;;;;;;;;;;;;;;;;;;;;;;;;;;;;;;;
MOD;.;L2;.78;;;;;;;;;;;;;;;;;;;;;;;;;;;;;;;;;;;;;
MOD;.;L2;.79;;;;;;;;;;;;;;;;;;;;;;;;;;;;;;;;;;;;;
MOD;.;L2;.80;;;;;;;;;;;;;;;;;;;;;;;;;;;;;;;;;;;;;
MOD;.;L2;.81;;;;;;;;;;;;;;;;;;;;;;;;;;;;;;;;;;;;;
MOD;.;L2;.82;;;;;;;;;;;;;;;;;;;;;;;;;;;;;;;;;;;;;
MOD;.;L2;.83;;;;;;;;;;;;;;;;;;;;;;;;;;;;;;;;;;;;;
MOD;.;L2;.84;;;;;;;;;;;;;;;;;;;;;;;;;;;;;;;;;;;;;
MOD;.;L2;.85;;;;;;;;;;;;;;;;;;;;;;;;;;;;;;;;;;;;;
MOD;.;L2;.86;;;;;;;;;;;;;;;;;;;;;;;;;;;;;;;;;;;;;
MOD;.;L2;.87;;;;;;;;;;;;;;;;;;;;;;;;;;;;;;;;;;;;;
MOD;.;L2;.88;;;;;;;;;;;;;;;;;;;;;;;;;;;;;;;;;;;;;
MOD;.;L2;.89;;;;;;;;;;;;;;;;;;;;;;;;;;;;;;;;;;;;;
MOD;.;L2;.90;;;;;;;;;;;;;;;;;;;;;;;;;;;;;;;;;;;;;
MOD;.;L2;.91;;;;;;;;;;;;;;;;;;;;;;;;;;;;;;;;;;;;;
MOD;.;L2;.92;;;;;;;;;;;;;;;;;;;;;;;;;;;;;;;;;;;;;
MOD;.;L2;.93;;;;;;;;;;;;;;;;;;;;;;;;;;;;;;;;;;;;;
MOD;.;L2;.94;;;;;;;;;;;;;;;;;;;;;;;;;;;;;;;;;;;;;
MOD;.;L2;.95;;;;;;;;;;;;;;;;;;;;;;;;;;;;;;;;;;;;;
MOD;.;L2;.96;;;;;;;;;;;;;;;;;;;;;;;;;;;;;;;;;;;;;
MOD;.;L2;.97;;;;;;;;;;;;;;;;;;;;;;;;;;;;;;;;;;;;;
MOD;.;L2;.98;;;;;;;;;;;;;;;;;;;;;;;;;;;;;;;;;;;;;
MOD;.;L2;.99;;;;;;;;;;;;;;;;;;;;;;;;;;;;;;;;;;;;;
Legenda: Nella colonna esito spuntare:  P = Positivo| PI =Positivo previo intervento | NA =Intervento rimandato a sessione successiva | NP =Componente non presente | VN = Vedere nota B = Gli interventi saranno eseguiti dal costruttore e/o dal centro assistenza | Numerare le Note e descriverle nell'apposito riquadro;;;;;;;;;;;;;;;;;;;;;;;;;;;;;;;;;;;;;;;;
;;;;;;;;;;;;;;;;;;;;;;;;;;;;;;;;;;;;;;;;
;;;;;;;;;;;;;;;;;;;;;;;;;;;;;;;;;;;;;;;;
;;;;;;;;;;;;;;;;;;;;;;;;;;;;;;;;;;;;;;;;
;;;;;;;;;;;;;;;;;;;;;;;;;;;;;;;;;;;;;;;;
;;;;;;;;;;;;;;;;;;;;;;;;;;;;;;;;;;;;;;;;
;;;;;;;;;;;;;;;;;;;;;;;;;;;;;;;;;;;;;;;;
;;;;;;;;;;;;;;;;;;;;;;;;;;;;;;;;;;;;;;;;
;;;;;;;;;;;;;;;;;;;;;;;;;;;;;;;;;;;;;;;;
;;;;;;;;;;;;;;;;;;;;;;;;;;;;;;;;;;;;;;;;
;;;;;;;;;;;;;;;;;;;;;;;;;;;;;;;;;;;;;;;;
RIVELATORI LOOP 3;;;;;;;;;;;;;;;;;;;;;;;;;;;;;;;;;;;;;;;;
INDIRIZZO;;;;TIPO;;;INSTALLAZIONE;;;DESCRIZIONE;;;;;ZONA;;;DATA DI INSTALLAZIONE
SOSTITUZIONE O REVISIONE;;;;;;;Esito;;;;;;Note a seguito di verifica;;;;;;;;;
;;;;;;;;;;;;;;;;;;;;;;;;;P;PI;NA;NP;VN;B;;;;;;;;;;
RIV;.;L3;.1;;;;;;;;;;;;;;;;;;;;;;;;;;;;;;;;;;;;;
RIV;.;L3;.2;;;;;;;;;;;;;;;;;;;;;;;;;;;;;;;;;;;;;
RIV;.;L3;.3;;;;;;;;;;;;;;;;;;;;;;;;;;;;;;;;;;;;;
RIV;.;L3;.4;;;;;;;;;;;;;;;;;;;;;;;;;;;;;;;;;;;;;
RIV;.;L3;.5;;;;;;;;;;;;;;;;;;;;;;;;;;;;;;;;;;;;;
RIV;.;L3;.6;;;;;;;;;;;;;;;;;;;;;;;;;;;;;;;;;;;;;
RIV;.;L3;.7;;;;;;;;;;;;;;;;;;;;;;;;;;;;;;;;;;;;;
RIV;.;L3;.8;;;;;;;;;;;;;;;;;;;;;;;;;;;;;;;;;;;;;
RIV;.;L3;.9;;;;;;;;;;;;;;;;;;;;;;;;;;;;;;;;;;;;;
RIV;.;L3;.10;;;;;;;;;;;;;;;;;;;;;;;;;;;;;;;;;;;;;
RIV;.;L3;.11;;;;;;;;;;;;;;;;;;;;;;;;;;;;;;;;;;;;;
RIV;.;L3;.12;;;;;;;;;;;;;;;;;;;;;;;;;;;;;;;;;;;;;
RIV;.;L3;.13;;;;;;;;;;;;;;;;;;;;;;;;;;;;;;;;;;;;;
RIV;.;L3;.14;;;;;;;;;;;;;;;;;;;;;;;;;;;;;;;;;;;;;
RIV;.;L3;.15;;;;;;;;;;;;;;;;;;;;;;;;;;;;;;;;;;;;;
RIV;.;L3;.16;;;;;;;;;;;;;;;;;;;;;;;;;;;;;;;;;;;;;
RIV;.;L3;.17;;;;;;;;;;;;;;;;;;;;;;;;;;;;;;;;;;;;;
RIV;.;L3;.18;;;;;;;;;;;;;;;;;;;;;;;;;;;;;;;;;;;;;
RIV;.;L3;.19;;;;;;;;;;;;;;;;;;;;;;;;;;;;;;;;;;;;;
RIV;.;L3;.20;;;;;;;;;;;;;;;;;;;;;;;;;;;;;;;;;;;;;
RIV;.;L3;.21;;;;;;;;;;;;;;;;;;;;;;;;;;;;;;;;;;;;;
RIV;.;L3;.22;;;;;;;;;;;;;;;;;;;;;;;;;;;;;;;;;;;;;
RIV;.;L3;.23;;;;;;;;;;;;;;;;;;;;;;;;;;;;;;;;;;;;;
RIV;.;L3;.24;;;;;;;;;;;;;;;;;;;;;;;;;;;;;;;;;;;;;
RIV;.;L3;.25;;;;;;;;;;;;;;;;;;;;;;;;;;;;;;;;;;;;;
RIV;.;L3;.26;;;;;;;;;;;;;;;;;;;;;;;;;;;;;;;;;;;;;
RIV;.;L3;.27;;;;;;;;;;;;;;;;;;;;;;;;;;;;;;;;;;;;;
RIV;.;L3;.28;;;;;;;;;;;;;;;;;;;;;;;;;;;;;;;;;;;;;
RIV;.;L3;.29;;;;;;;;;;;;;;;;;;;;;;;;;;;;;;;;;;;;;
RIV;.;L3;.30;;;;;;;;;;;;;;;;;;;;;;;;;;;;;;;;;;;;;
RIV;.;L3;.31;;;;;;;;;;;;;;;;;;;;;;;;;;;;;;;;;;;;;
RIV;.;L3;.32;;;;;;;;;;;;;;;;;;;;;;;;;;;;;;;;;;;;;
RIV;.;L3;.33;;;;;;;;;;;;;;;;;;;;;;;;;;;;;;;;;;;;;
RIV;.;L3;.34;;;;;;;;;;;;;;;;;;;;;;;;;;;;;;;;;;;;;
RIV;.;L3;.35;;;;;;;;;;;;;;;;;;;;;;;;;;;;;;;;;;;;;
RIV;.;L3;.36;;;;;;;;;;;;;;;;;;;;;;;;;;;;;;;;;;;;;
RIV;.;L3;.37;;;;;;;;;;;;;;;;;;;;;;;;;;;;;;;;;;;;;
RIV;.;L3;.38;;;;;;;;;;;;;;;;;;;;;;;;;;;;;;;;;;;;;
RIV;.;L3;.39;;;;;;;;;;;;;;;;;;;;;;;;;;;;;;;;;;;;;
RIV;.;L3;.40;;;;;;;;;;;;;;;;;;;;;;;;;;;;;;;;;;;;;
RIV;.;L3;.41;;;;;;;;;;;;;;;;;;;;;;;;;;;;;;;;;;;;;
RIV;.;L3;.42;;;;;;;;;;;;;;;;;;;;;;;;;;;;;;;;;;;;;
RIV;.;L3;.43;;;;;;;;;;;;;;;;;;;;;;;;;;;;;;;;;;;;;
RIV;.;L3;.44;;;;;;;;;;;;;;;;;;;;;;;;;;;;;;;;;;;;;
RIV;.;L3;.45;;;;;;;;;;;;;;;;;;;;;;;;;;;;;;;;;;;;;
RIV;.;L3;.46;;;;;;;;;;;;;;;;;;;;;;;;;;;;;;;;;;;;;
RIV;.;L3;.47;;;;;;;;;;;;;;;;;;;;;;;;;;;;;;;;;;;;;
RIV;.;L3;.48;;;;;;;;;;;;;;;;;;;;;;;;;;;;;;;;;;;;;
RIV;.;L3;.49;;;;;;;;;;;;;;;;;;;;;;;;;;;;;;;;;;;;;
RIV;.;L3;.50;;;;;;;;;;;;;;;;;;;;;;;;;;;;;;;;;;;;;
RIV;.;L3;.51;;;;;;;;;;;;;;;;;;;;;;;;;;;;;;;;;;;;;
RIV;.;L3;.52;;;;;;;;;;;;;;;;;;;;;;;;;;;;;;;;;;;;;
RIV;.;L3;.53;;;;;;;;;;;;;;;;;;;;;;;;;;;;;;;;;;;;;
RIV;.;L3;.54;;;;;;;;;;;;;;;;;;;;;;;;;;;;;;;;;;;;;
RIV;.;L3;.55;;;;;;;;;;;;;;;;;;;;;;;;;;;;;;;;;;;;;
RIV;.;L3;.56;;;;;;;;;;;;;;;;;;;;;;;;;;;;;;;;;;;;;
RIV;.;L3;.57;;;;;;;;;;;;;;;;;;;;;;;;;;;;;;;;;;;;;
RIVELATORI LOOP 3;;;;;;;;;;;;;;;;;;;;;;;;;;;;;;;;;;;;;;;;
INDIRIZZO;;;;TIPO;;;INSTALLAZIONE;;;DESCRIZIONE;;;;;ZONA;;;DATA DI INSTALLAZIONE
SOSTITUZIONE O REVISIONE;;;;;;;Esito;;;;;;Note a seguito di verifica;;;;;;;;;
;;;;;;;;;;;;;;;;;;;;;;;;;P;PI;NA;NP;VN;B;;;;;;;;;;
RIV;.;L3;.58;;;;;;;;;;;;;;;;;;;;;;;;;;;;;;;;;;;;;
RIV;.;L3;.59;;;;;;;;;;;;;;;;;;;;;;;;;;;;;;;;;;;;;
RIV;.;L3;.60;;;;;;;;;;;;;;;;;;;;;;;;;;;;;;;;;;;;;
RIV;.;L3;.61;;;;;;;;;;;;;;;;;;;;;;;;;;;;;;;;;;;;;
RIV;.;L3;.62;;;;;;;;;;;;;;;;;;;;;;;;;;;;;;;;;;;;;
RIV;.;L3;.63;;;;;;;;;;;;;;;;;;;;;;;;;;;;;;;;;;;;;
RIV;.;L3;.64;;;;;;;;;;;;;;;;;;;;;;;;;;;;;;;;;;;;;
RIV;.;L3;.65;;;;;;;;;;;;;;;;;;;;;;;;;;;;;;;;;;;;;
RIV;.;L3;.66;;;;;;;;;;;;;;;;;;;;;;;;;;;;;;;;;;;;;
RIV;.;L3;.67;;;;;;;;;;;;;;;;;;;;;;;;;;;;;;;;;;;;;
RIV;.;L3;.68;;;;;;;;;;;;;;;;;;;;;;;;;;;;;;;;;;;;;
RIV;.;L3;.69;;;;;;;;;;;;;;;;;;;;;;;;;;;;;;;;;;;;;
RIV;.;L3;.70;;;;;;;;;;;;;;;;;;;;;;;;;;;;;;;;;;;;;
RIV;.;L3;.71;;;;;;;;;;;;;;;;;;;;;;;;;;;;;;;;;;;;;
RIV;.;L3;.72;;;;;;;;;;;;;;;;;;;;;;;;;;;;;;;;;;;;;
RIV;.;L3;.73;;;;;;;;;;;;;;;;;;;;;;;;;;;;;;;;;;;;;
RIV;.;L3;.74;;;;;;;;;;;;;;;;;;;;;;;;;;;;;;;;;;;;;
RIV;.;L3;.75;;;;;;;;;;;;;;;;;;;;;;;;;;;;;;;;;;;;;
RIV;.;L3;.76;;;;;;;;;;;;;;;;;;;;;;;;;;;;;;;;;;;;;
RIV;.;L3;.77;;;;;;;;;;;;;;;;;;;;;;;;;;;;;;;;;;;;;
RIV;.;L3;.78;;;;;;;;;;;;;;;;;;;;;;;;;;;;;;;;;;;;;
RIV;.;L3;.79;;;;;;;;;;;;;;;;;;;;;;;;;;;;;;;;;;;;;
RIV;.;L3;.80;;;;;;;;;;;;;;;;;;;;;;;;;;;;;;;;;;;;;
RIV;.;L3;.81;;;;;;;;;;;;;;;;;;;;;;;;;;;;;;;;;;;;;
RIV;.;L3;.82;;;;;;;;;;;;;;;;;;;;;;;;;;;;;;;;;;;;;
RIV;.;L3;.83;;;;;;;;;;;;;;;;;;;;;;;;;;;;;;;;;;;;;
RIV;.;L3;.84;;;;;;;;;;;;;;;;;;;;;;;;;;;;;;;;;;;;;
RIV;.;L3;.85;;;;;;;;;;;;;;;;;;;;;;;;;;;;;;;;;;;;;
RIV;.;L3;.86;;;;;;;;;;;;;;;;;;;;;;;;;;;;;;;;;;;;;
RIV;.;L3;.87;;;;;;;;;;;;;;;;;;;;;;;;;;;;;;;;;;;;;
RIV;.;L3;.88;;;;;;;;;;;;;;;;;;;;;;;;;;;;;;;;;;;;;
RIV;.;L3;.89;;;;;;;;;;;;;;;;;;;;;;;;;;;;;;;;;;;;;
RIV;.;L3;.90;;;;;;;;;;;;;;;;;;;;;;;;;;;;;;;;;;;;;
RIV;.;L3;.91;;;;;;;;;;;;;;;;;;;;;;;;;;;;;;;;;;;;;
RIV;.;L3;.92;;;;;;;;;;;;;;;;;;;;;;;;;;;;;;;;;;;;;
RIV;.;L3;.93;;;;;;;;;;;;;;;;;;;;;;;;;;;;;;;;;;;;;
RIV;.;L3;.94;;;;;;;;;;;;;;;;;;;;;;;;;;;;;;;;;;;;;
RIV;.;L3;.95;;;;;;;;;;;;;;;;;;;;;;;;;;;;;;;;;;;;;
RIV;.;L3;.96;;;;;;;;;;;;;;;;;;;;;;;;;;;;;;;;;;;;;
RIV;.;L3;.97;;;;;;;;;;;;;;;;;;;;;;;;;;;;;;;;;;;;;
RIV;.;L3;.98;;;;;;;;;;;;;;;;;;;;;;;;;;;;;;;;;;;;;
RIV;.;L3;.99;;;;;;;;;;;;;;;;;;;;;;;;;;;;;;;;;;;;;
MODULI LOOP 3;;;;;;;;;;;;;;;;;;;;;;;;;;;;;;;;;;;;;;;;
INDIRIZZO;;;;TIPO;;;INSTALLAZIONE;;;DESCRIZIONE;;;;;ZONA;;;DATA DI INSTALLAZIONE
SOSTITUZIONE O REVISIONE;;;;;;;Esito;;;;;;Note a seguito di verifica;;;;;;;;;
;;;;;;;;;;;;;;;;;;;;;;;;;P;PI;NA;NP;VN;B;;;;;;;;;;
MOD;.;L3;.1;;;;;;;;;;;;;;;;;;;;;;;;;;;;;;;;;;;;;
MOD;.;L3;.2;;;;;;;;;;;;;;;;;;;;;;;;;;;;;;;;;;;;;
MOD;.;L3;.3;;;;;;;;;;;;;;;;;;;;;;;;;;;;;;;;;;;;;
MOD;.;L3;.4;;;;;;;;;;;;;;;;;;;;;;;;;;;;;;;;;;;;;
MOD;.;L3;.5;;;;;;;;;;;;;;;;;;;;;;;;;;;;;;;;;;;;;
MOD;.;L3;.6;;;;;;;;;;;;;;;;;;;;;;;;;;;;;;;;;;;;;
MOD;.;L3;.7;;;;;;;;;;;;;;;;;;;;;;;;;;;;;;;;;;;;;
MOD;.;L3;.8;;;;;;;;;;;;;;;;;;;;;;;;;;;;;;;;;;;;;
MOD;.;L3;.9;;;;;;;;;;;;;;;;;;;;;;;;;;;;;;;;;;;;;
MOD;.;L3;.10;;;;;;;;;;;;;;;;;;;;;;;;;;;;;;;;;;;;;
MOD;.;L3;.11;;;;;;;;;;;;;;;;;;;;;;;;;;;;;;;;;;;;;
MOD;.;L3;.12;;;;;;;;;;;;;;;;;;;;;;;;;;;;;;;;;;;;;
MOD;.;L3;.13;;;;;;;;;;;;;;;;;;;;;;;;;;;;;;;;;;;;;
MOD;.;L3;.14;;;;;;;;;;;;;;;;;;;;;;;;;;;;;;;;;;;;;
MOD;.;L3;.15;;;;;;;;;;;;;;;;;;;;;;;;;;;;;;;;;;;;;
MOD;.;L3;.16;;;;;;;;;;;;;;;;;;;;;;;;;;;;;;;;;;;;;
MOD;.;L3;.17;;;;;;;;;;;;;;;;;;;;;;;;;;;;;;;;;;;;;
MOD;.;L3;.18;;;;;;;;;;;;;;;;;;;;;;;;;;;;;;;;;;;;;
MOD;.;L3;.19;;;;;;;;;;;;;;;;;;;;;;;;;;;;;;;;;;;;;
MOD;.;L3;.20;;;;;;;;;;;;;;;;;;;;;;;;;;;;;;;;;;;;;
MOD;.;L3;.21;;;;;;;;;;;;;;;;;;;;;;;;;;;;;;;;;;;;;
MOD;.;L3;.22;;;;;;;;;;;;;;;;;;;;;;;;;;;;;;;;;;;;;
MOD;.;L3;.23;;;;;;;;;;;;;;;;;;;;;;;;;;;;;;;;;;;;;
MOD;.;L3;.24;;;;;;;;;;;;;;;;;;;;;;;;;;;;;;;;;;;;;
MOD;.;L3;.25;;;;;;;;;;;;;;;;;;;;;;;;;;;;;;;;;;;;;
MOD;.;L3;.26;;;;;;;;;;;;;;;;;;;;;;;;;;;;;;;;;;;;;
MOD;.;L3;.27;;;;;;;;;;;;;;;;;;;;;;;;;;;;;;;;;;;;;
MOD;.;L3;.28;;;;;;;;;;;;;;;;;;;;;;;;;;;;;;;;;;;;;
MOD;.;L3;.29;;;;;;;;;;;;;;;;;;;;;;;;;;;;;;;;;;;;;
MOD;.;L3;.30;;;;;;;;;;;;;;;;;;;;;;;;;;;;;;;;;;;;;
MOD;.;L3;.31;;;;;;;;;;;;;;;;;;;;;;;;;;;;;;;;;;;;;
MOD;.;L3;.32;;;;;;;;;;;;;;;;;;;;;;;;;;;;;;;;;;;;;
MOD;.;L3;.33;;;;;;;;;;;;;;;;;;;;;;;;;;;;;;;;;;;;;
MOD;.;L3;.34;;;;;;;;;;;;;;;;;;;;;;;;;;;;;;;;;;;;;
MOD;.;L3;.35;;;;;;;;;;;;;;;;;;;;;;;;;;;;;;;;;;;;;
MOD;.;L3;.36;;;;;;;;;;;;;;;;;;;;;;;;;;;;;;;;;;;;;
MOD;.;L3;.37;;;;;;;;;;;;;;;;;;;;;;;;;;;;;;;;;;;;;
MOD;.;L3;.38;;;;;;;;;;;;;;;;;;;;;;;;;;;;;;;;;;;;;
MOD;.;L3;.39;;;;;;;;;;;;;;;;;;;;;;;;;;;;;;;;;;;;;
MOD;.;L3;.40;;;;;;;;;;;;;;;;;;;;;;;;;;;;;;;;;;;;;
MOD;.;L3;.41;;;;;;;;;;;;;;;;;;;;;;;;;;;;;;;;;;;;;
MOD;.;L3;.42;;;;;;;;;;;;;;;;;;;;;;;;;;;;;;;;;;;;;
MOD;.;L3;.43;;;;;;;;;;;;;;;;;;;;;;;;;;;;;;;;;;;;;
MOD;.;L3;.44;;;;;;;;;;;;;;;;;;;;;;;;;;;;;;;;;;;;;
MOD;.;L3;.45;;;;;;;;;;;;;;;;;;;;;;;;;;;;;;;;;;;;;
MOD;.;L3;.46;;;;;;;;;;;;;;;;;;;;;;;;;;;;;;;;;;;;;
MOD;.;L3;.47;;;;;;;;;;;;;;;;;;;;;;;;;;;;;;;;;;;;;
MOD;.;L3;.48;;;;;;;;;;;;;;;;;;;;;;;;;;;;;;;;;;;;;
MOD;.;L3;.49;;;;;;;;;;;;;;;;;;;;;;;;;;;;;;;;;;;;;
MOD;.;L3;.50;;;;;;;;;;;;;;;;;;;;;;;;;;;;;;;;;;;;;
MOD;.;L3;.51;;;;;;;;;;;;;;;;;;;;;;;;;;;;;;;;;;;;;
MOD;.;L3;.52;;;;;;;;;;;;;;;;;;;;;;;;;;;;;;;;;;;;;
MOD;.;L3;.53;;;;;;;;;;;;;;;;;;;;;;;;;;;;;;;;;;;;;
MOD;.;L3;.54;;;;;;;;;;;;;;;;;;;;;;;;;;;;;;;;;;;;;
MOD;.;L3;.55;;;;;;;;;;;;;;;;;;;;;;;;;;;;;;;;;;;;;
MOD;.;L3;.56;;;;;;;;;;;;;;;;;;;;;;;;;;;;;;;;;;;;;
MOD;.;L3;.57;;;;;;;;;;;;;;;;;;;;;;;;;;;;;;;;;;;;;
MODULI LOOP 3;;;;;;;;;;;;;;;;;;;;;;;;;;;;;;;;;;;;;;;;
INDIRIZZO;;;;TIPO;;;INSTALLAZIONE;;;DESCRIZIONE;;;;;ZONA;;;DATA DI INSTALLAZIONE
SOSTITUZIONE O REVISIONE;;;;;;;Esito;;;;;;Note a seguito di verifica;;;;;;;;;
;;;;;;;;;;;;;;;;;;;;;;;;;P;PI;NA;NP;VN;B;;;;;;;;;;
MOD;.;L3;.58;;;;;;;;;;;;;;;;;;;;;;;;;;;;;;;;;;;;;
MOD;.;L3;.59;;;;;;;;;;;;;;;;;;;;;;;;;;;;;;;;;;;;;
MOD;.;L3;.60;;;;;;;;;;;;;;;;;;;;;;;;;;;;;;;;;;;;;
MOD;.;L3;.61;;;;;;;;;;;;;;;;;;;;;;;;;;;;;;;;;;;;;
MOD;.;L3;.62;;;;;;;;;;;;;;;;;;;;;;;;;;;;;;;;;;;;;
MOD;.;L3;.63;;;;;;;;;;;;;;;;;;;;;;;;;;;;;;;;;;;;;
MOD;.;L3;.64;;;;;;;;;;;;;;;;;;;;;;;;;;;;;;;;;;;;;
MOD;.;L3;.65;;;;;;;;;;;;;;;;;;;;;;;;;;;;;;;;;;;;;
MOD;.;L3;.66;;;;;;;;;;;;;;;;;;;;;;;;;;;;;;;;;;;;;
MOD;.;L3;.67;;;;;;;;;;;;;;;;;;;;;;;;;;;;;;;;;;;;;
MOD;.;L3;.68;;;;;;;;;;;;;;;;;;;;;;;;;;;;;;;;;;;;;
MOD;.;L3;.69;;;;;;;;;;;;;;;;;;;;;;;;;;;;;;;;;;;;;
MOD;.;L3;.70;;;;;;;;;;;;;;;;;;;;;;;;;;;;;;;;;;;;;
MOD;.;L3;.71;;;;;;;;;;;;;;;;;;;;;;;;;;;;;;;;;;;;;
MOD;.;L3;.72;;;;;;;;;;;;;;;;;;;;;;;;;;;;;;;;;;;;;
MOD;.;L3;.73;;;;;;;;;;;;;;;;;;;;;;;;;;;;;;;;;;;;;
MOD;.;L3;.74;;;;;;;;;;;;;;;;;;;;;;;;;;;;;;;;;;;;;
MOD;.;L3;.75;;;;;;;;;;;;;;;;;;;;;;;;;;;;;;;;;;;;;
MOD;.;L3;.76;;;;;;;;;;;;;;;;;;;;;;;;;;;;;;;;;;;;;
MOD;.;L3;.77;;;;;;;;;;;;;;;;;;;;;;;;;;;;;;;;;;;;;
MOD;.;L3;.78;;;;;;;;;;;;;;;;;;;;;;;;;;;;;;;;;;;;;
MOD;.;L3;.79;;;;;;;;;;;;;;;;;;;;;;;;;;;;;;;;;;;;;
MOD;.;L3;.80;;;;;;;;;;;;;;;;;;;;;;;;;;;;;;;;;;;;;
MOD;.;L3;.81;;;;;;;;;;;;;;;;;;;;;;;;;;;;;;;;;;;;;
MOD;.;L3;.82;;;;;;;;;;;;;;;;;;;;;;;;;;;;;;;;;;;;;
MOD;.;L3;.83;;;;;;;;;;;;;;;;;;;;;;;;;;;;;;;;;;;;;
MOD;.;L3;.84;;;;;;;;;;;;;;;;;;;;;;;;;;;;;;;;;;;;;
MOD;.;L3;.85;;;;;;;;;;;;;;;;;;;;;;;;;;;;;;;;;;;;;
MOD;.;L3;.86;;;;;;;;;;;;;;;;;;;;;;;;;;;;;;;;;;;;;
MOD;.;L3;.87;;;;;;;;;;;;;;;;;;;;;;;;;;;;;;;;;;;;;
MOD;.;L3;.88;;;;;;;;;;;;;;;;;;;;;;;;;;;;;;;;;;;;;
MOD;.;L3;.89;;;;;;;;;;;;;;;;;;;;;;;;;;;;;;;;;;;;;
MOD;.;L3;.90;;;;;;;;;;;;;;;;;;;;;;;;;;;;;;;;;;;;;
MOD;.;L3;.91;;;;;;;;;;;;;;;;;;;;;;;;;;;;;;;;;;;;;
MOD;.;L3;.92;;;;;;;;;;;;;;;;;;;;;;;;;;;;;;;;;;;;;
MOD;.;L3;.93;;;;;;;;;;;;;;;;;;;;;;;;;;;;;;;;;;;;;
MOD;.;L3;.94;;;;;;;;;;;;;;;;;;;;;;;;;;;;;;;;;;;;;
MOD;.;L3;.95;;;;;;;;;;;;;;;;;;;;;;;;;;;;;;;;;;;;;
MOD;.;L3;.96;;;;;;;;;;;;;;;;;;;;;;;;;;;;;;;;;;;;;
MOD;.;L3;.97;;;;;;;;;;;;;;;;;;;;;;;;;;;;;;;;;;;;;
MOD;.;L3;.98;;;;;;;;;;;;;;;;;;;;;;;;;;;;;;;;;;;;;
MOD;.;L3;.99;;;;;;;;;;;;;;;;;;;;;;;;;;;;;;;;;;;;;
Legenda: Nella colonna esito spuntare:  P = Positivo| PI =Positivo previo intervento | NA =Intervento rimandato a sessione successiva | NP =Componente non presente | VN = Vedere nota B = Gli interventi saranno eseguiti dal costruttore e/o dal centro assistenza | Numerare le Note e descriverle nell'apposito riquadro;;;;;;;;;;;;;;;;;;;;;;;;;;;;;;;;;;;;;;;;
;;;;;;;;;;;;;;;;;;;;;;;;;;;;;;;;;;;;;;;;
;;;;;;;;;;;;;;;;;;;;;;;;;;;;;;;;;;;;;;;;
;;;;;;;;;;;;;;;;;;;;;;;;;;;;;;;;;;;;;;;;
;;;;;;;;;;;;;;;;;;;;;;;;;;;;;;;;;;;;;;;;
;;;;;;;;;;;;;;;;;;;;;;;;;;;;;;;;;;;;;;;;
;;;;;;;;;;;;;;;;;;;;;;;;;;;;;;;;;;;;;;;;
;;;;;;;;;;;;;;;;;;;;;;;;;;;;;;;;;;;;;;;;
;;;;;;;;;;;;;;;;;;;;;;;;;;;;;;;;;;;;;;;;
;;;;;;;;;;;;;;;;;;;;;;;;;;;;;;;;;;;;;;;;
;;;;;;;;;;;;;;;;;;;;;;;;;;;;;;;;;;;;;;;;
RIVELATORI LOOP 4;;;;;;;;;;;;;;;;;;;;;;;;;;;;;;;;;;;;;;;;
INDIRIZZO;;;;TIPO;;;INSTALLAZIONE;;;DESCRIZIONE;;;;;ZONA;;;DATA DI INSTALLAZIONE
SOSTITUZIONE O REVISIONE;;;;;;;Esito;;;;;;Note a seguito di verifica;;;;;;;;;
;;;;;;;;;;;;;;;;;;;;;;;;;P;PI;NA;NP;VN;B;;;;;;;;;;
RIV;.;L4;.1;;;;;;;;;;;;;;;;;;;;;;;;;;;;;;;;;;;;;
RIV;.;L4;.2;;;;;;;;;;;;;;;;;;;;;;;;;;;;;;;;;;;;;
RIV;.;L4;.3;;;;;;;;;;;;;;;;;;;;;;;;;;;;;;;;;;;;;
RIV;.;L4;.4;;;;;;;;;;;;;;;;;;;;;;;;;;;;;;;;;;;;;
RIV;.;L4;.5;;;;;;;;;;;;;;;;;;;;;;;;;;;;;;;;;;;;;
RIV;.;L4;.6;;;;;;;;;;;;;;;;;;;;;;;;;;;;;;;;;;;;;
RIV;.;L4;.7;;;;;;;;;;;;;;;;;;;;;;;;;;;;;;;;;;;;;
RIV;.;L4;.8;;;;;;;;;;;;;;;;;;;;;;;;;;;;;;;;;;;;;
RIV;.;L4;.9;;;;;;;;;;;;;;;;;;;;;;;;;;;;;;;;;;;;;
RIV;.;L4;.10;;;;;;;;;;;;;;;;;;;;;;;;;;;;;;;;;;;;;
RIV;.;L4;.11;;;;;;;;;;;;;;;;;;;;;;;;;;;;;;;;;;;;;
RIV;.;L4;.12;;;;;;;;;;;;;;;;;;;;;;;;;;;;;;;;;;;;;
RIV;.;L4;.13;;;;;;;;;;;;;;;;;;;;;;;;;;;;;;;;;;;;;
RIV;.;L4;.14;;;;;;;;;;;;;;;;;;;;;;;;;;;;;;;;;;;;;
RIV;.;L4;.15;;;;;;;;;;;;;;;;;;;;;;;;;;;;;;;;;;;;;
RIV;.;L4;.16;;;;;;;;;;;;;;;;;;;;;;;;;;;;;;;;;;;;;
RIV;.;L4;.17;;;;;;;;;;;;;;;;;;;;;;;;;;;;;;;;;;;;;
RIV;.;L4;.18;;;;;;;;;;;;;;;;;;;;;;;;;;;;;;;;;;;;;
RIV;.;L4;.19;;;;;;;;;;;;;;;;;;;;;;;;;;;;;;;;;;;;;
RIV;.;L4;.20;;;;;;;;;;;;;;;;;;;;;;;;;;;;;;;;;;;;;
RIV;.;L4;.21;;;;;;;;;;;;;;;;;;;;;;;;;;;;;;;;;;;;;
RIV;.;L4;.22;;;;;;;;;;;;;;;;;;;;;;;;;;;;;;;;;;;;;
RIV;.;L4;.23;;;;;;;;;;;;;;;;;;;;;;;;;;;;;;;;;;;;;
RIV;.;L4;.24;;;;;;;;;;;;;;;;;;;;;;;;;;;;;;;;;;;;;
RIV;.;L4;.25;;;;;;;;;;;;;;;;;;;;;;;;;;;;;;;;;;;;;
RIV;.;L4;.26;;;;;;;;;;;;;;;;;;;;;;;;;;;;;;;;;;;;;
RIV;.;L4;.27;;;;;;;;;;;;;;;;;;;;;;;;;;;;;;;;;;;;;
RIV;.;L4;.28;;;;;;;;;;;;;;;;;;;;;;;;;;;;;;;;;;;;;
RIV;.;L4;.29;;;;;;;;;;;;;;;;;;;;;;;;;;;;;;;;;;;;;
RIV;.;L4;.30;;;;;;;;;;;;;;;;;;;;;;;;;;;;;;;;;;;;;
RIV;.;L4;.31;;;;;;;;;;;;;;;;;;;;;;;;;;;;;;;;;;;;;
RIV;.;L4;.32;;;;;;;;;;;;;;;;;;;;;;;;;;;;;;;;;;;;;
RIV;.;L4;.33;;;;;;;;;;;;;;;;;;;;;;;;;;;;;;;;;;;;;
RIV;.;L4;.34;;;;;;;;;;;;;;;;;;;;;;;;;;;;;;;;;;;;;
RIV;.;L4;.35;;;;;;;;;;;;;;;;;;;;;;;;;;;;;;;;;;;;;
RIV;.;L4;.36;;;;;;;;;;;;;;;;;;;;;;;;;;;;;;;;;;;;;
RIV;.;L4;.37;;;;;;;;;;;;;;;;;;;;;;;;;;;;;;;;;;;;;
RIV;.;L4;.38;;;;;;;;;;;;;;;;;;;;;;;;;;;;;;;;;;;;;
RIV;.;L4;.39;;;;;;;;;;;;;;;;;;;;;;;;;;;;;;;;;;;;;
RIV;.;L4;.40;;;;;;;;;;;;;;;;;;;;;;;;;;;;;;;;;;;;;
RIV;.;L4;.41;;;;;;;;;;;;;;;;;;;;;;;;;;;;;;;;;;;;;
RIV;.;L4;.42;;;;;;;;;;;;;;;;;;;;;;;;;;;;;;;;;;;;;
RIV;.;L4;.43;;;;;;;;;;;;;;;;;;;;;;;;;;;;;;;;;;;;;
RIV;.;L4;.44;;;;;;;;;;;;;;;;;;;;;;;;;;;;;;;;;;;;;
RIV;.;L4;.45;;;;;;;;;;;;;;;;;;;;;;;;;;;;;;;;;;;;;
RIV;.;L4;.46;;;;;;;;;;;;;;;;;;;;;;;;;;;;;;;;;;;;;
RIV;.;L4;.47;;;;;;;;;;;;;;;;;;;;;;;;;;;;;;;;;;;;;
RIV;.;L4;.48;;;;;;;;;;;;;;;;;;;;;;;;;;;;;;;;;;;;;
RIV;.;L4;.49;;;;;;;;;;;;;;;;;;;;;;;;;;;;;;;;;;;;;
RIV;.;L4;.50;;;;;;;;;;;;;;;;;;;;;;;;;;;;;;;;;;;;;
RIV;.;L4;.51;;;;;;;;;;;;;;;;;;;;;;;;;;;;;;;;;;;;;
RIV;.;L4;.52;;;;;;;;;;;;;;;;;;;;;;;;;;;;;;;;;;;;;
RIV;.;L4;.53;;;;;;;;;;;;;;;;;;;;;;;;;;;;;;;;;;;;;
RIV;.;L4;.54;;;;;;;;;;;;;;;;;;;;;;;;;;;;;;;;;;;;;
RIV;.;L4;.55;;;;;;;;;;;;;;;;;;;;;;;;;;;;;;;;;;;;;
RIV;.;L4;.56;;;;;;;;;;;;;;;;;;;;;;;;;;;;;;;;;;;;;
RIV;.;L4;.57;;;;;;;;;;;;;;;;;;;;;;;;;;;;;;;;;;;;;
RIVELATORI LOOP 4;;;;;;;;;;;;;;;;;;;;;;;;;;;;;;;;;;;;;;;;
INDIRIZZO;;;;TIPO;;;INSTALLAZIONE;;;DESCRIZIONE;;;;;ZONA;;;DATA DI INSTALLAZIONE
SOSTITUZIONE O REVISIONE;;;;;;;Esito;;;;;;Note a seguito di verifica;;;;;;;;;
;;;;;;;;;;;;;;;;;;;;;;;;;P;PI;NA;NP;VN;B;;;;;;;;;;
RIV;.;L4;.58;;;;;;;;;;;;;;;;;;;;;;;;;;;;;;;;;;;;;
RIV;.;L4;.59;;;;;;;;;;;;;;;;;;;;;;;;;;;;;;;;;;;;;
RIV;.;L4;.60;;;;;;;;;;;;;;;;;;;;;;;;;;;;;;;;;;;;;
RIV;.;L4;.61;;;;;;;;;;;;;;;;;;;;;;;;;;;;;;;;;;;;;
RIV;.;L4;.62;;;;;;;;;;;;;;;;;;;;;;;;;;;;;;;;;;;;;
RIV;.;L4;.63;;;;;;;;;;;;;;;;;;;;;;;;;;;;;;;;;;;;;
RIV;.;L4;.64;;;;;;;;;;;;;;;;;;;;;;;;;;;;;;;;;;;;;
RIV;.;L4;.65;;;;;;;;;;;;;;;;;;;;;;;;;;;;;;;;;;;;;
RIV;.;L4;.66;;;;;;;;;;;;;;;;;;;;;;;;;;;;;;;;;;;;;
RIV;.;L4;.67;;;;;;;;;;;;;;;;;;;;;;;;;;;;;;;;;;;;;
RIV;.;L4;.68;;;;;;;;;;;;;;;;;;;;;;;;;;;;;;;;;;;;;
RIV;.;L4;.69;;;;;;;;;;;;;;;;;;;;;;;;;;;;;;;;;;;;;
RIV;.;L4;.70;;;;;;;;;;;;;;;;;;;;;;;;;;;;;;;;;;;;;
RIV;.;L4;.71;;;;;;;;;;;;;;;;;;;;;;;;;;;;;;;;;;;;;
RIV;.;L4;.72;;;;;;;;;;;;;;;;;;;;;;;;;;;;;;;;;;;;;
RIV;.;L4;.73;;;;;;;;;;;;;;;;;;;;;;;;;;;;;;;;;;;;;
RIV;.;L4;.74;;;;;;;;;;;;;;;;;;;;;;;;;;;;;;;;;;;;;
RIV;.;L4;.75;;;;;;;;;;;;;;;;;;;;;;;;;;;;;;;;;;;;;
RIV;.;L4;.76;;;;;;;;;;;;;;;;;;;;;;;;;;;;;;;;;;;;;
RIV;.;L4;.77;;;;;;;;;;;;;;;;;;;;;;;;;;;;;;;;;;;;;
RIV;.;L4;.78;;;;;;;;;;;;;;;;;;;;;;;;;;;;;;;;;;;;;
RIV;.;L4;.79;;;;;;;;;;;;;;;;;;;;;;;;;;;;;;;;;;;;;
RIV;.;L4;.80;;;;;;;;;;;;;;;;;;;;;;;;;;;;;;;;;;;;;
RIV;.;L4;.81;;;;;;;;;;;;;;;;;;;;;;;;;;;;;;;;;;;;;
RIV;.;L4;.82;;;;;;;;;;;;;;;;;;;;;;;;;;;;;;;;;;;;;
RIV;.;L4;.83;;;;;;;;;;;;;;;;;;;;;;;;;;;;;;;;;;;;;
RIV;.;L4;.84;;;;;;;;;;;;;;;;;;;;;;;;;;;;;;;;;;;;;
RIV;.;L4;.85;;;;;;;;;;;;;;;;;;;;;;;;;;;;;;;;;;;;;
RIV;.;L4;.86;;;;;;;;;;;;;;;;;;;;;;;;;;;;;;;;;;;;;
RIV;.;L4;.87;;;;;;;;;;;;;;;;;;;;;;;;;;;;;;;;;;;;;
RIV;.;L4;.88;;;;;;;;;;;;;;;;;;;;;;;;;;;;;;;;;;;;;
RIV;.;L4;.89;;;;;;;;;;;;;;;;;;;;;;;;;;;;;;;;;;;;;
RIV;.;L4;.90;;;;;;;;;;;;;;;;;;;;;;;;;;;;;;;;;;;;;
RIV;.;L4;.91;;;;;;;;;;;;;;;;;;;;;;;;;;;;;;;;;;;;;
RIV;.;L4;.92;;;;;;;;;;;;;;;;;;;;;;;;;;;;;;;;;;;;;
RIV;.;L4;.93;;;;;;;;;;;;;;;;;;;;;;;;;;;;;;;;;;;;;
RIV;.;L4;.94;;;;;;;;;;;;;;;;;;;;;;;;;;;;;;;;;;;;;
RIV;.;L4;.95;;;;;;;;;;;;;;;;;;;;;;;;;;;;;;;;;;;;;
RIV;.;L4;.96;;;;;;;;;;;;;;;;;;;;;;;;;;;;;;;;;;;;;
RIV;.;L4;.97;;;;;;;;;;;;;;;;;;;;;;;;;;;;;;;;;;;;;
RIV;.;L4;.98;;;;;;;;;;;;;;;;;;;;;;;;;;;;;;;;;;;;;
RIV;.;L4;.99;;;;;;;;;;;;;;;;;;;;;;;;;;;;;;;;;;;;;
MODULI LOOP 4;;;;;;;;;;;;;;;;;;;;;;;;;;;;;;;;;;;;;;;;
INDIRIZZO;;;;TIPO;;;INSTALLAZIONE;;;DESCRIZIONE;;;;;ZONA;;;DATA DI INSTALLAZIONE
SOSTITUZIONE O REVISIONE;;;;;;;Esito;;;;;;Note a seguito di verifica;;;;;;;;;
;;;;;;;;;;;;;;;;;;;;;;;;;P;PI;NA;NP;VN;B;;;;;;;;;;
MOD;.;L4;.1;;;;;;;;;;;;;;;;;;;;;;;;;;;;;;;;;;;;;
MOD;.;L4;.2;;;;;;;;;;;;;;;;;;;;;;;;;;;;;;;;;;;;;
MOD;.;L4;.3;;;;;;;;;;;;;;;;;;;;;;;;;;;;;;;;;;;;;
MOD;.;L4;.4;;;;;;;;;;;;;;;;;;;;;;;;;;;;;;;;;;;;;
MOD;.;L4;.5;;;;;;;;;;;;;;;;;;;;;;;;;;;;;;;;;;;;;
MOD;.;L4;.6;;;;;;;;;;;;;;;;;;;;;;;;;;;;;;;;;;;;;
MOD;.;L4;.7;;;;;;;;;;;;;;;;;;;;;;;;;;;;;;;;;;;;;
MOD;.;L4;.8;;;;;;;;;;;;;;;;;;;;;;;;;;;;;;;;;;;;;
MOD;.;L4;.9;;;;;;;;;;;;;;;;;;;;;;;;;;;;;;;;;;;;;
MOD;.;L4;.10;;;;;;;;;;;;;;;;;;;;;;;;;;;;;;;;;;;;;
MOD;.;L4;.11;;;;;;;;;;;;;;;;;;;;;;;;;;;;;;;;;;;;;
MOD;.;L4;.12;;;;;;;;;;;;;;;;;;;;;;;;;;;;;;;;;;;;;
MOD;.;L4;.13;;;;;;;;;;;;;;;;;;;;;;;;;;;;;;;;;;;;;
MOD;.;L4;.14;;;;;;;;;;;;;;;;;;;;;;;;;;;;;;;;;;;;;
MOD;.;L4;.15;;;;;;;;;;;;;;;;;;;;;;;;;;;;;;;;;;;;;
MOD;.;L4;.16;;;;;;;;;;;;;;;;;;;;;;;;;;;;;;;;;;;;;
MOD;.;L4;.17;;;;;;;;;;;;;;;;;;;;;;;;;;;;;;;;;;;;;
MOD;.;L4;.18;;;;;;;;;;;;;;;;;;;;;;;;;;;;;;;;;;;;;
MOD;.;L4;.19;;;;;;;;;;;;;;;;;;;;;;;;;;;;;;;;;;;;;
MOD;.;L4;.20;;;;;;;;;;;;;;;;;;;;;;;;;;;;;;;;;;;;;
MOD;.;L4;.21;;;;;;;;;;;;;;;;;;;;;;;;;;;;;;;;;;;;;
MOD;.;L4;.22;;;;;;;;;;;;;;;;;;;;;;;;;;;;;;;;;;;;;
MOD;.;L4;.23;;;;;;;;;;;;;;;;;;;;;;;;;;;;;;;;;;;;;
MOD;.;L4;.24;;;;;;;;;;;;;;;;;;;;;;;;;;;;;;;;;;;;;
MOD;.;L4;.25;;;;;;;;;;;;;;;;;;;;;;;;;;;;;;;;;;;;;
MOD;.;L4;.26;;;;;;;;;;;;;;;;;;;;;;;;;;;;;;;;;;;;;
MOD;.;L4;.27;;;;;;;;;;;;;;;;;;;;;;;;;;;;;;;;;;;;;
MOD;.;L4;.28;;;;;;;;;;;;;;;;;;;;;;;;;;;;;;;;;;;;;
MOD;.;L4;.29;;;;;;;;;;;;;;;;;;;;;;;;;;;;;;;;;;;;;
MOD;.;L4;.30;;;;;;;;;;;;;;;;;;;;;;;;;;;;;;;;;;;;;
MOD;.;L4;.31;;;;;;;;;;;;;;;;;;;;;;;;;;;;;;;;;;;;;
MOD;.;L4;.32;;;;;;;;;;;;;;;;;;;;;;;;;;;;;;;;;;;;;
MOD;.;L4;.33;;;;;;;;;;;;;;;;;;;;;;;;;;;;;;;;;;;;;
MOD;.;L4;.34;;;;;;;;;;;;;;;;;;;;;;;;;;;;;;;;;;;;;
MOD;.;L4;.35;;;;;;;;;;;;;;;;;;;;;;;;;;;;;;;;;;;;;
MOD;.;L4;.36;;;;;;;;;;;;;;;;;;;;;;;;;;;;;;;;;;;;;
MOD;.;L4;.37;;;;;;;;;;;;;;;;;;;;;;;;;;;;;;;;;;;;;
MOD;.;L4;.38;;;;;;;;;;;;;;;;;;;;;;;;;;;;;;;;;;;;;
MOD;.;L4;.39;;;;;;;;;;;;;;;;;;;;;;;;;;;;;;;;;;;;;
MOD;.;L4;.40;;;;;;;;;;;;;;;;;;;;;;;;;;;;;;;;;;;;;
MOD;.;L4;.41;;;;;;;;;;;;;;;;;;;;;;;;;;;;;;;;;;;;;
MOD;.;L4;.42;;;;;;;;;;;;;;;;;;;;;;;;;;;;;;;;;;;;;
MOD;.;L4;.43;;;;;;;;;;;;;;;;;;;;;;;;;;;;;;;;;;;;;
MOD;.;L4;.44;;;;;;;;;;;;;;;;;;;;;;;;;;;;;;;;;;;;;
MOD;.;L4;.45;;;;;;;;;;;;;;;;;;;;;;;;;;;;;;;;;;;;;
MOD;.;L4;.46;;;;;;;;;;;;;;;;;;;;;;;;;;;;;;;;;;;;;
MOD;.;L4;.47;;;;;;;;;;;;;;;;;;;;;;;;;;;;;;;;;;;;;
MOD;.;L4;.48;;;;;;;;;;;;;;;;;;;;;;;;;;;;;;;;;;;;;
MOD;.;L4;.49;;;;;;;;;;;;;;;;;;;;;;;;;;;;;;;;;;;;;
MOD;.;L4;.50;;;;;;;;;;;;;;;;;;;;;;;;;;;;;;;;;;;;;
MOD;.;L4;.51;;;;;;;;;;;;;;;;;;;;;;;;;;;;;;;;;;;;;
MOD;.;L4;.52;;;;;;;;;;;;;;;;;;;;;;;;;;;;;;;;;;;;;
MOD;.;L4;.53;;;;;;;;;;;;;;;;;;;;;;;;;;;;;;;;;;;;;
MOD;.;L4;.54;;;;;;;;;;;;;;;;;;;;;;;;;;;;;;;;;;;;;
MOD;.;L4;.55;;;;;;;;;;;;;;;;;;;;;;;;;;;;;;;;;;;;;
MOD;.;L4;.56;;;;;;;;;;;;;;;;;;;;;;;;;;;;;;;;;;;;;
MOD;.;L4;.57;;;;;;;;;;;;;;;;;;;;;;;;;;;;;;;;;;;;;
MODULI LOOP 4;;;;;;;;;;;;;;;;;;;;;;;;;;;;;;;;;;;;;;;;
INDIRIZZO;;;;TIPO;;;INSTALLAZIONE;;;DESCRIZIONE;;;;;ZONA;;;DATA DI INSTALLAZIONE
SOSTITUZIONE O REVISIONE;;;;;;;Esito;;;;;;Note a seguito di verifica;;;;;;;;;
;;;;;;;;;;;;;;;;;;;;;;;;;P;PI;NA;NP;VN;B;;;;;;;;;;
MOD;.;L4;.58;;;;;;;;;;;;;;;;;;;;;;;;;;;;;;;;;;;;;
MOD;.;L4;.59;;;;;;;;;;;;;;;;;;;;;;;;;;;;;;;;;;;;;
MOD;.;L4;.60;;;;;;;;;;;;;;;;;;;;;;;;;;;;;;;;;;;;;
MOD;.;L4;.61;;;;;;;;;;;;;;;;;;;;;;;;;;;;;;;;;;;;;
MOD;.;L4;.62;;;;;;;;;;;;;;;;;;;;;;;;;;;;;;;;;;;;;
MOD;.;L4;.63;;;;;;;;;;;;;;;;;;;;;;;;;;;;;;;;;;;;;
MOD;.;L4;.64;;;;;;;;;;;;;;;;;;;;;;;;;;;;;;;;;;;;;
MOD;.;L4;.65;;;;;;;;;;;;;;;;;;;;;;;;;;;;;;;;;;;;;
MOD;.;L4;.66;;;;;;;;;;;;;;;;;;;;;;;;;;;;;;;;;;;;;
MOD;.;L4;.67;;;;;;;;;;;;;;;;;;;;;;;;;;;;;;;;;;;;;
MOD;.;L4;.68;;;;;;;;;;;;;;;;;;;;;;;;;;;;;;;;;;;;;
MOD;.;L4;.69;;;;;;;;;;;;;;;;;;;;;;;;;;;;;;;;;;;;;
MOD;.;L4;.70;;;;;;;;;;;;;;;;;;;;;;;;;;;;;;;;;;;;;
MOD;.;L4;.71;;;;;;;;;;;;;;;;;;;;;;;;;;;;;;;;;;;;;
MOD;.;L4;.72;;;;;;;;;;;;;;;;;;;;;;;;;;;;;;;;;;;;;
MOD;.;L4;.73;;;;;;;;;;;;;;;;;;;;;;;;;;;;;;;;;;;;;
MOD;.;L4;.74;;;;;;;;;;;;;;;;;;;;;;;;;;;;;;;;;;;;;
MOD;.;L4;.75;;;;;;;;;;;;;;;;;;;;;;;;;;;;;;;;;;;;;
MOD;.;L4;.76;;;;;;;;;;;;;;;;;;;;;;;;;;;;;;;;;;;;;
MOD;.;L4;.77;;;;;;;;;;;;;;;;;;;;;;;;;;;;;;;;;;;;;
MOD;.;L4;.78;;;;;;;;;;;;;;;;;;;;;;;;;;;;;;;;;;;;;
MOD;.;L4;.79;;;;;;;;;;;;;;;;;;;;;;;;;;;;;;;;;;;;;
MOD;.;L4;.80;;;;;;;;;;;;;;;;;;;;;;;;;;;;;;;;;;;;;
MOD;.;L4;.81;;;;;;;;;;;;;;;;;;;;;;;;;;;;;;;;;;;;;
MOD;.;L4;.82;;;;;;;;;;;;;;;;;;;;;;;;;;;;;;;;;;;;;
MOD;.;L4;.83;;;;;;;;;;;;;;;;;;;;;;;;;;;;;;;;;;;;;
MOD;.;L4;.84;;;;;;;;;;;;;;;;;;;;;;;;;;;;;;;;;;;;;
MOD;.;L4;.85;;;;;;;;;;;;;;;;;;;;;;;;;;;;;;;;;;;;;
MOD;.;L4;.86;;;;;;;;;;;;;;;;;;;;;;;;;;;;;;;;;;;;;
MOD;.;L4;.87;;;;;;;;;;;;;;;;;;;;;;;;;;;;;;;;;;;;;
MOD;.;L4;.88;;;;;;;;;;;;;;;;;;;;;;;;;;;;;;;;;;;;;
MOD;.;L4;.89;;;;;;;;;;;;;;;;;;;;;;;;;;;;;;;;;;;;;
MOD;.;L4;.90;;;;;;;;;;;;;;;;;;;;;;;;;;;;;;;;;;;;;
MOD;.;L4;.91;;;;;;;;;;;;;;;;;;;;;;;;;;;;;;;;;;;;;
MOD;.;L4;.92;;;;;;;;;;;;;;;;;;;;;;;;;;;;;;;;;;;;;
MOD;.;L4;.93;;;;;;;;;;;;;;;;;;;;;;;;;;;;;;;;;;;;;
MOD;.;L4;.94;;;;;;;;;;;;;;;;;;;;;;;;;;;;;;;;;;;;;
MOD;.;L4;.95;;;;;;;;;;;;;;;;;;;;;;;;;;;;;;;;;;;;;
MOD;.;L4;.96;;;;;;;;;;;;;;;;;;;;;;;;;;;;;;;;;;;;;
MOD;.;L4;.97;;;;;;;;;;;;;;;;;;;;;;;;;;;;;;;;;;;;;
MOD;.;L4;.98;;;;;;;;;;;;;;;;;;;;;;;;;;;;;;;;;;;;;
MOD;.;L4;.99;;;;;;;;;;;;;;;;;;;;;;;;;;;;;;;;;;;;;
;;;;;;;;;;;;;;;;;;;;;;;;;;;;;;;;;;;;;;;;
Legenda: Nella colonna esito spuntare:  P = Positivo| PI =Positivo previo intervento | NA =Intervento rimandato a sessione successiva | NP =Componente non presente | VN = Vedere nota B = Gli interventi saranno eseguiti dal costruttore e/o dal centro assistenza | Numerare le Note e descriverle nell'apposito riquadro;;;;;;;;;;;;;;;;;;;;;;;;;;;;;;;;;;;;;;;;
;;;;;;;;;;;;;;;;;;;;;;;;;;;;;;;;;;;;;;;;
;;;;;;;;;;;;;;;;;;;;;;;;;;;;;;;;;;;;;;;;
;;;;;;;;;;;;;;;;;;;;;;;;;;;;;;;;;;;;;;;;
;;;;;;;;;;;;;;;;;;;;;;;;;;;;;;;;;;;;;;;;
;;;;;;;;;;;;;;;;;;;;;;;;;;;;;;;;;;;;;;;;
;;;;;;;;;;;;;;;;;;;;;;;;;;;;;;;;;;;;;;;;
;;;;;;;;;;;;;;;;;;;;;;;;;;;;;;;;;;;;;;;;
;;;;;;;;;;;;;;;;;;;;;;;;;;;;;;;;;;;;;;;;
;;;;;;;;;;;;;;;;;;;;;;;;;;;;;;;;;;;;;;;;
;;;;;;;;;;;;;;;;;;;;;;;;;;;;;;;;;;;;;;;;
